"idd","cluster","NK_cells_resting","Monocytes","Mast_cells_resting","Macrophages_M0","T_cells_regulatory_.Tregs.","T_cells_CD4_memory_resting","Dendritic_cells_resting","Macrophages_M1","B_cells_naive","T_cells_follicular_helper","T_cells_CD8","NK_cells_activated","T_cells_CD4_naive","Dendritic_cells_activated","Eosinophils","B_cells_memory","Mast_cells_activated","T_cells_gamma_delta","T_cells_CD4_memory_activated","Neutrophils","Plasma_cells","Macrophages_M2"
"DT_14_20","TME1",-0.38708831435276,-0.734257092803477,-0.565634927432631,-0.659943257602987,-0.721840030559286,-1.10734999782404,-0.482688644194287,-1.22328168576524,0.714710839968776,-0.403733456013197,-0.472282529114179,-0.676367004397403,-0.0671156055214024,-0.103298673800991,-0.154511267983123,-0.252568887881971,-0.293138088150202,-0.354486267817776,0.262400540847045,0.758176150813367,4.45892958517242,-0.0804741722674997
"DT_14_18","TME1",-0.38708831435276,-0.734257092803477,-0.198499934975971,-0.530963677181821,-0.704269972416471,-1.21864238498435,-0.166243774363461,-1.13856420668384,0.0536308942248286,-0.56849473991064,-0.129108435594017,-0.690639963909669,-0.0671156055214024,-0.103298673800991,-0.154511267983123,-0.252568887881971,-0.293138088150202,-0.354486267817776,1.0757751967425,0.13023171620726,3.93740033643847,0.0745545715972857
"DT_14_24","TME1",-0.38708831435276,-0.734257092803477,-0.411459934392335,-0.323914444721866,-0.721840030559286,-1.49053591636805,-0.887904390074568,-0.893409267107977,0.503863774683176,-0.619076765063414,0.957109683521738,-0.883521456090308,-0.0671156055214024,-0.103298673800991,-0.154511267983123,-0.252568887881971,-0.293138088150202,-0.354486267817776,0.100201888607606,0.236946124980501,2.57500551452296,0.702261604901971
"DT_14_12","TME1",-0.38708831435276,-0.734257092803477,-0.247968316148012,-0.659943257602987,-0.097027408315837,-0.62246129552138,-0.402051500494247,-0.89383692064334,0.290229770631882,-1.01265459188715,-0.0686514205437161,-0.816517828870675,-0.0671156055214024,-0.103298673800991,-0.154511267983123,-0.252568887881971,-0.293138088150202,-0.354486267817776,0.694993089341961,1.82781045953494,2.00632886852578,0.821460369583149
"DT_14_13","TME1",-0.38708831435276,-0.734257092803477,-0.375949716395258,-0.659943257602987,-0.537553509222883,-0.945394119829353,-0.831597601283414,-0.740406593378192,0.196618178102758,0.0564242805971675,0.0451595749692658,-0.30237824932238,-0.0671156055214024,-0.103298673800991,-0.154511267983123,-0.252568887881971,-0.293138088150202,0.851489486464012,-0.260793204394025,0.77694637125448,2.62152661256907,0.220169494081589
"DT_14_07","TME1",-0.38708831435276,-0.734257092803477,-0.75786928424153,-0.659943257602987,-0.721840030559286,-1.34354105415875,-0.867520157432571,-0.716885821740799,0.847406068872795,0.268008016836653,0.115852482888587,-0.346299051131578,-0.0671156055214024,-0.103298673800991,-0.154511267983123,-0.252568887881971,0.600734839528637,0.980194004177192,-0.260793204394025,1.36650647867468,3.03642036003971,0.105069588304309
"DT_14_22","TME1",-0.38708831435276,-0.734257092803477,-0.729353243767662,-0.659943257602987,0.786052275150649,-0.786272869767465,-0.887904390074568,-1.91127495109528,1.22048819910509,-1.01265459188715,-0.381493532744509,-1.51115453693721,-0.0671156055214024,-0.103298673800991,-0.154511267983123,-0.252568887881971,-0.293138088150202,0.275003933887451,0.262158979203305,-0.146114376125749,3.40540760516197,0.66031589567594
"DT_14_09","TME1",1.87222918049954,-0.734257092803477,-0.28847075307095,0.0272457214682273,-0.572876741930479,-0.484830118195379,-0.81876718149595,-1.49383298024079,0.187630703414445,0.144442729408855,-0.955482473886241,-1.54611313587319,-0.0671156055214024,-0.103298673800991,-0.154511267983123,-0.252568887881971,-0.293138088150202,-0.354486267817776,-0.196618582462689,0.566100046339582,1.9598458465541,1.15673022630551
"DT_14_06","TME1",1.91672449489179,-0.734257092803477,0.189932006468725,-0.523543144568417,0.644103323297149,-0.775787931615889,-0.332757767458813,-1.28397229705662,1.36875610163974,-1.01265459188715,-0.55550390758922,-1.54611313587319,-0.0671156055214024,-0.103298673800991,-0.154511267983123,-0.252568887881971,-0.293138088150202,0.73041930974118,0.312784282313908,1.21569277676229,2.71683432820784,-0.38231010108167
"DT_14_15","TME1",-0.38708831435276,-0.734257092803477,-0.294128809286603,-0.659943257602987,-0.401412106315139,-1.35637946477864,-0.758840214807591,-1.74778453792983,-0.0980657261337433,-0.507852990551836,-0.0744302480995682,-0.511269993393326,-0.0671156055214024,-0.103298673800991,-0.154511267983123,-0.252568887881971,-0.293138088150202,-0.354486267817776,2.54501146042399,0.977513342405899,4.35243379508413,-0.053655931628609
"DT_14_05","TME1",-0.345774718109083,-0.734257092803477,-0.412048278938653,-0.659943257602987,-0.721840030559286,-0.43641459142111,-0.0664262177452756,-1.26413089869421,0.925948884573233,-0.459033687413847,-0.00590456122790109,-1.13893054338888,-0.0671156055214024,-0.103298673800991,-0.154511267983123,-0.252568887881971,-0.293138088150202,-0.354486267817776,4.94236906649647,-0.378793231545418,1.36870333965547,0.764968968639738
"DT_14_21","TME1",-0.38708831435276,-0.734257092803477,-0.674649041407777,-0.550826610862163,-0.587280261177615,-1.16961342390043,-0.642421722990338,-0.720356265224386,-0.944236992693643,-1.01265459188715,-0.0131234593539388,-0.901807861300573,-0.0671156055214024,-0.103298673800991,-0.154511267983123,-0.252568887881971,-0.293138088150202,0.985583251503532,0.985223689777245,0.349823747150111,3.16079683581374,1.1729366972702
"DT_14_17","TME1",-0.38708831435276,-0.734257092803477,1.18132808535381,-0.659943257602987,-0.721840030559286,-1.42294253804295,-0.17074870188364,-0.256525741890953,-0.949642810676981,-1.01265459188715,0.0321753066509189,-0.607542040591652,-0.0671156055214024,-0.103298673800991,-0.154511267983123,-0.252568887881971,-0.293138088150202,2.38377627282001,0.323334573562059,0.018329227491657,2.02368677553035,0.722779177015379
"DT_14_03","TME1",-0.38708831435276,-0.734257092803477,2.53397139720722,-0.218000148514454,-0.721840030559286,-0.444992948294902,-0.773508738482245,-1.91127495109528,-0.932611920260294,-0.872542381680055,-1.03247078785117,-0.757864664148838,-0.0671156055214024,-0.103298673800991,-0.00524320861128664,-0.252568887881971,-0.293138088150202,-0.354486267817776,-0.260793204394025,-0.266941053099769,2.3327988031627,0.421282967957258
"DT_14_01","TME1",1.48809965542061,-0.533241681472559,2.07917168130475,0.0345604230708961,-0.697192942515029,-0.224731428991676,-0.343831523595811,-1.08332007202813,-1.10799585691345,-0.724382739017155,-0.716402541337099,-1.54611313587319,-0.0671156055214024,-0.103298673800991,-0.154511267983123,-0.252568887881971,-0.293138088150202,-0.354486267817776,-0.260793204394025,-0.378793231545418,2.05023337268314,-0.256404834387567
"DT_14_16","TME1",-0.38708831435276,-0.734257092803477,-0.234503399919924,-0.659943257602987,-0.496178815502231,-1.28107407860796,-0.640914160894211,-0.792417999151216,-1.03382846007824,0.482329561760962,1.80279289096876,-1.11431977889554,-0.0671156055214024,0.498759066853057,-0.154511267983123,-0.252568887881971,-0.293138088150202,-0.354486267817776,0.345577394105232,1.52982888744142,1.73555041896187,0.403191700439033
"DT_14_08","TME1",-0.38708831435276,-0.734257092803477,0.12684429401252,-0.659943257602987,0.720142671904921,-1.53256863095628,0.258027895456614,-1.41315303673576,-1.02388724119256,0.26786756443358,1.19734638735296,0.240351974704774,-0.0671156055214024,-0.103298673800991,-0.154511267983123,-0.252568887881971,-0.293138088150202,-0.354486267817776,-0.0478758058086468,0.601275038868009,1.71100177804417,0.491990791190468
"DT_14_19","TME1",-0.38708831435276,-0.734257092803477,-0.264303740020056,-0.443252438609596,-0.721840030559286,-1.24844865234831,0.337719271357995,0.175584885119281,-0.802600674905425,1.0747392704941,0.153991791790113,0.310840477218539,-0.0671156055214024,-0.103298673800991,-0.154511267983123,-0.252568887881971,-0.293138088150202,0.104665745517445,-0.260793204394025,1.54790024829597,1.55517083957072,0.564468297936355
"DT_14_04","TME1",-0.38708831435276,-0.734257092803477,-0.324654545993941,-0.33156306429528,1.26204455143536,-1.28671335541802,0.279031002768302,-0.928246559439716,-1.13507270973969,-0.74842366390192,-0.333764475327181,-0.978155390501332,-0.0671156055214024,-0.103298673800991,-0.154511267983123,-0.252568887881971,-0.293138088150202,0.581779958480855,-0.260793204394025,2.9832173836881,4.34942552524765,-0.476810276983573
"DT_14_02","TME1",-0.38708831435276,-0.734257092803477,-0.385266349433149,-0.659943257602987,0.662212606820701,-0.337153303957167,-0.887904390074568,-0.0928752237092207,0.351277721205444,-0.125957445542514,-0.0929658866560745,-1.06166324845269,-0.0671156055214024,13.3529423112069,-0.154511267983123,-0.252568887881971,-0.293138088150202,-0.354486267817776,-0.260793204394025,1.89159112652823,1.58071223032359,0.343340423425201
"DT_09_05","TME1",-0.38708831435276,-0.569148519026169,-0.493708420462551,-0.659943257602987,-0.533008670312066,1.20559718986788,0.812442438868701,-1.05073166632833,-0.99220376572236,-1.01265459188715,-0.635427042534208,0.00297067695832294,-0.0671156055214024,-0.103298673800991,-0.154511267983123,-0.252568887881971,-0.293138088150202,-0.354486267817776,-0.260793204394025,-0.378793231545418,-0.436990928254739,1.67193668386833
"DT_09_02","TME1",-0.38708831435276,-0.734257092803477,-0.267052678571238,-0.659943257602987,-0.721840030559286,1.29494702067465,1.12791294935386,-0.775749803389164,-1.13507270973969,-1.01265459188715,-0.62951130865503,0.211961914158719,-0.0671156055214024,-0.103298673800991,-0.154511267983123,0.268828683840099,-0.293138088150202,-0.120252437638986,-0.260793204394025,-0.378793231545418,-0.44859682562555,1.21533270975739
"DT_09_08","TME1",-0.38708831435276,-0.566135414681964,-0.170571421381963,-0.520090305958047,-0.721840030559286,1.44069354829072,0.30767316602631,-1.30937914071282,-0.441023517396016,-1.01265459188715,-0.673546345768254,-0.26251226947626,-0.0671156055214024,-0.103298673800991,-0.154511267983123,-0.252568887881971,-0.293138088150202,-0.354486267817776,-0.260793204394025,-0.378793231545418,-0.633265532209212,1.38554991196619
"DT_09_07","TME1",-0.38708831435276,-0.618616659260465,0.0447109304457817,-0.284210344968461,-0.127986675038832,1.14806174081067,0.48751443551136,0.354097746912565,-0.986291900776821,-1.01265459188715,-0.870167367264455,-0.265813311837916,-0.0671156055214024,-0.103298673800991,-0.154511267983123,0.365132304262132,-0.293138088150202,-0.354486267817776,-0.260793204394025,-0.378793231545418,-0.45216317454207,0.963593305931616
"DT_12_17","TME1",-0.38708831435276,-0.734257092803477,-0.77395014138028,-0.659943257602987,-0.721840030559286,0.601269382866628,0.0285929653113816,-0.787973706136016,-0.943819423287049,-0.755357876651659,0.092483429558706,-0.488655323220304,-0.0671156055214024,-0.103298673800991,-0.154511267983123,-0.252568887881971,-0.293138088150202,-0.354486267817776,-0.260793204394025,-0.378793231545418,0.306700739098817,1.57097896071076
"DT_10_04","TME1",-0.38708831435276,-0.553789525342115,-0.62979751864378,-0.474826891443448,0.216531233510665,0.75144810286684,0.376304014412752,-1.29338102274783,-0.271011320974796,-0.780357161562707,-0.459169880922793,0.323292748382333,-0.0671156055214024,-0.103298673800991,-0.154511267983123,-0.252568887881971,-0.293138088150202,-0.354486267817776,-0.260793204394025,-0.378793231545418,0.601675954707371,0.646908297019128
"DT_19_20","TME1",0.539708987377053,-0.538073641666263,-0.210781616653989,-0.659943257602987,-0.605966682754474,0.483595488354793,0.833244357640975,0.249869084735677,-1.06287543910616,-0.835613750089974,0.495570415831153,-1.54611313587319,-0.0671156055214024,-0.103298673800991,-0.154511267983123,-0.252568887881971,-0.293138088150202,-0.354486267817776,-0.260793204394025,-0.378793231545418,-0.424129803170628,1.29300910890781
"DT_09_12","TME1",-0.38708831435276,-0.183882669306727,-0.571281094683991,-0.659943257602987,-0.721840030559286,1.69925141523129,1.24376542313738,-1.23870361512933,-0.593464849753936,-1.01265459188715,-0.366038208285325,-0.493915735972171,-0.0671156055214024,-0.103298673800991,-0.154511267983123,-0.252568887881971,-0.293138088150202,-0.354486267817776,-0.260793204394025,-0.378793231545418,-0.574931107402042,0.879579425613321
"DT_09_01","TME1",-0.38708831435276,-0.588871628625062,-0.580373310461848,-0.659943257602987,-0.613697786862629,1.6691315730114,1.50841020405248,-1.1841427876473,-0.907793885419815,-0.969690555138104,-0.557900893096719,-0.370817375561583,-0.0671156055214024,-0.103298673800991,-0.154511267983123,0.386534097672633,-0.293138088150202,-0.354486267817776,-0.260793204394025,-0.378793231545418,-0.552258493631547,1.08826263248179
"DT_09_25","TME1",-0.38708831435276,-0.476527083941147,-0.193579958868136,-0.659943257602987,-0.57845421611082,1.64341863828972,1.79588324338417,-0.932904874367292,-0.845988380488245,-0.757321177175481,-0.625911518226918,-0.185321364426493,-0.0671156055214024,-0.103298673800991,-0.154511267983123,-0.252568887881971,-0.293138088150202,-0.354486267817776,-0.260793204394025,-0.378793231545418,-0.527949242661875,0.59264854803708
"DT_09_19","TME1",-0.38708831435276,-0.408758339245674,-0.471939504743632,-0.659943257602987,-0.34933555433104,1.68853945583123,2.02540986201761,-0.742817301572139,-0.797010651086767,-0.779318821527826,-0.653840245235004,-0.301243550814433,-0.0671156055214024,-0.103298673800991,-0.154511267983123,-0.252568887881971,-0.293138088150202,-0.354486267817776,-0.260793204394025,-0.378793231545418,-0.491393602876878,0.555543266595105
"DT_09_27","TME1",-0.38708831435276,-0.504317794871441,-0.39818992608172,-0.659943257602987,0.526575607909232,1.55492705467097,2.04530690801833,-1.35756652675564,-0.100342058200218,-0.98790131818157,-0.613073961311758,-0.547561127939669,-0.0671156055214024,-0.103298673800991,-0.154511267983123,-0.252568887881971,-0.293138088150202,-0.354486267817776,-0.260793204394025,-0.378793231545418,-0.517081574007945,0.541230832269108
"DT_09_15","TME1",-0.38708831435276,-0.566481998103393,-0.591202942927917,-0.659943257602987,-0.520233453697132,1.63005203375487,2.56043006394744,-0.834876423712234,-0.147737117121842,-0.826367488150906,-0.237217123795592,0.257540885444775,-0.0671156055214024,-0.103298673800991,-0.154511267983123,-0.252568887881971,-0.293138088150202,-0.354486267817776,-0.260793204394025,-0.283347323978319,-0.537265080418194,-0.127075054588917
"DT_09_03","TME1",-0.38708831435276,-0.543786345845014,-0.676535463462607,-0.659943257602987,-0.721840030559286,2.10154577396005,3.7306221548161,-0.773961984967016,-0.662782107366822,-1.01265459188715,-0.460012550352446,-0.230386763508708,-0.0671156055214024,-0.103298673800991,0.178956041799425,-0.252568887881971,-0.293138088150202,-0.194755170098922,-0.260793204394025,-0.378793231545418,-0.356872932503941,-0.461050889595974
"DT_09_28","TME1",-0.38708831435276,-0.242629390808191,-0.573241766451557,-0.659943257602987,-0.564724925337321,1.66745163135017,2.4784592559571,-0.876901822154734,-1.12206932149597,-1.00618195702007,-0.554054900946954,0.0829845071452647,-0.0671156055214024,-0.103298673800991,-0.154511267983123,0.047669217776245,-0.293138088150202,-0.354486267817776,-0.260793204394025,-0.378793231545418,-0.609811766660867,0.66862704432825
"DT_09_06","TME1",-0.38708831435276,-0.5519590465831,-0.64166896266304,-0.659943257602987,-0.721840030559286,1.36775668196726,2.94092688292421,-0.766972250741544,-0.783288774232111,-1.01265459188715,-0.322289723680708,0.0198222555926649,-0.0671156055214024,-0.103298673800991,-0.154511267983123,-0.252568887881971,-0.293138088150202,-0.354486267817776,-0.260793204394025,-0.378793231545418,-0.545491228406779,0.707125638249383
"DT_09_29","TME1",-0.38708831435276,-0.576776453664715,-0.579226343365134,-0.659943257602987,-0.721840030559286,1.37966891272989,2.4475066081648,-0.865456645910857,-0.91522206933373,-0.659424289386341,-0.434277350018323,0.408749683981505,-0.0671156055214024,-0.103298673800991,-0.154511267983123,0.277743246121443,-0.293138088150202,-0.354486267817776,-0.260793204394025,-0.240147649442416,-0.162400994748799,0.292111362092001
"DT_09_26","TME1",-0.38708831435276,-0.279906088475183,-0.510909338740116,-0.659943257602987,-0.38254746023619,1.30082197703985,1.01289770439241,-1.11702974865931,-0.875710263112769,-1.01265459188715,-0.497935312656732,0.110592626255243,-0.0671156055214024,-0.103298673800991,-0.154511267983123,1.00722598396325,-0.293138088150202,-0.354486267817776,-0.260793204394025,-0.378793231545418,-0.540230531031344,1.20489109466645
"DT_09_04","TME1",-0.38708831435276,-0.3785788480271,-0.252234437506321,-0.470601136337778,-0.374453804524111,1.70313222551202,0.914800703009968,-1.2957143054954,-0.862536101722539,-0.896339852566939,-0.84694457889974,0.291915877882938,-0.0671156055214024,-0.103298673800991,-0.154511267983123,1.53140138291118,-0.293138088150202,-0.354486267817776,-0.260793204394025,-0.378793231545418,-0.638037738658559,0.735624939569406
"DT_09_22","TME1",-0.38708831435276,-0.489473230547941,-0.761287266109485,-0.659943257602987,-0.721840030559286,2.02145614680086,2.09621979696702,-1.35232915002007,-1.13507270973969,-0.991750070302782,-0.687772142222488,-0.624598958602054,-0.0671156055214024,-0.103298673800991,-0.154511267983123,1.3987661505295,-0.293138088150202,-0.354486267817776,-0.260793204394025,-0.378793231545418,-0.616680578270649,0.962946159498388
"DT_09_20","TME1",-0.38708831435276,-0.342260475539166,0.00240514565565662,-0.659943257602987,0.144297696022267,1.87353598150643,0.726019684364151,-1.3421708380426,-1.13507270973969,-1.01265459188715,-0.787641694632644,-0.452829520889573,-0.0671156055214024,5.67729190711916,-0.154511267983123,0.102198315024551,-0.293138088150202,-0.354486267817776,-0.260793204394025,-0.378793231545418,-0.50883408317563,0.727920065988632
"DT_07_19","TME1",-0.38708831435276,-0.197684294129658,-0.381858769155972,-0.107863169971918,1.36778050446405,0.880332308770617,1.75729771094075,0.175066470985659,-0.799125546741671,-0.452930763939471,-0.399847196519175,0.760809930984664,-0.0671156055214024,-0.103298673800991,-0.154511267983123,-0.252568887881971,-0.293138088150202,-0.354486267817776,-0.260793204394025,0.254545467787393,-0.533196479194802,-0.331911364785949
"DT_07_18","TME1",-0.38708831435276,0.203129269186978,0.120996308747469,-0.659943257602987,1.22771841039348,1.11222044543257,1.93724640524667,0.227775287676012,-0.531432497844888,-1.01265459188715,-0.376010861044163,-0.518610749716633,-0.0671156055214024,-0.103298673800991,-0.154511267983123,-0.252568887881971,-0.293138088150202,-0.354486267817776,-0.260793204394025,-0.378793231545418,-0.638037738658559,0.0136446206708748
"DT_10_07","TME1",-0.38708831435276,0.453892138632809,0.289016697126514,-0.659943257602987,3.29743478174863,0.281523383705812,3.39311438552512,-1.43405153887853,0.237272797802903,-0.588728964045164,-0.962437864442315,0.284742052853811,-0.0671156055214024,-0.103298673800991,-0.154511267983123,-0.252568887881971,-0.293138088150202,-0.354486267817776,-0.260793204394025,0.129944424429502,-0.638037738658559,0.288767135603984
"DT_10_03","TME1",-0.38708831435276,-0.0969324159093015,-0.479227896373529,-0.659943257602987,1.94355855008647,0.824229935178576,-0.00111922595822338,0.101586019324736,0.526481377858891,-1.01265459188715,-0.472280488452009,-0.379750991367661,-0.0671156055214024,-0.103298673800991,-0.154511267983123,-0.252568887881971,-0.293138088150202,-0.354486267817776,-0.260793204394025,-0.378793231545418,0.422224193547504,-0.130563491730061
"DT_10_02","TME1",-0.38708831435276,-0.551209438621527,-0.0139336193939291,-0.659943257602987,2.62776146542465,-0.328341771703004,0.317853764242249,0.476907417640961,-0.234185448629406,-1.01265459188715,-0.876197542288262,-0.58222680885961,-0.0671156055214024,-0.103298673800991,-0.154511267983123,-0.252568887881971,-0.293138088150202,-0.354486267817776,-0.260793204394025,-0.378793231545418,0.407971238411197,1.5818199873681
"DT_10_01","TME1",0.830962204015294,-0.326818006595124,-0.286238629485381,-0.659943257602987,1.5556377297955,0.272185733921105,1.04132616949282,-0.478440746115031,-0.283350236043491,-0.628725984371723,-0.856090576787534,-1.36331747342504,-0.0671156055214024,-0.103298673800991,-0.154511267983123,-0.252568887881971,-0.293138088150202,-0.354486267817776,-0.260793204394025,-0.378793231545418,0.94922706912998,0.754731312400828
"DT_10_13","TME1",-0.38708831435276,-0.433585524505458,-0.695463425861018,-0.250904692583526,-0.515712660176621,0.684664145542924,2.04286686654751,-0.122012749018908,1.52536511152356,-0.632657565169075,-0.540257754237451,0.329464765176179,-0.0671156055214024,-0.103298673800991,-0.154511267983123,-0.252568887881971,-0.293138088150202,-0.354486267817776,-0.260793204394025,-0.378793231545418,0.107433700151423,-0.273955225268754
"DT_10_06","TME1",-0.38708831435276,-0.602402790421325,-0.604951120319398,-0.659943257602987,0.151385511474676,0.662590482323444,2.82180765575121,0.355448524353419,2.00242428620055,-0.805961710191548,-0.809089024127886,-0.618311512882201,-0.0671156055214024,-0.103298673800991,-0.154511267983123,-0.252568887881971,-0.293138088150202,-0.354486267817776,-0.260793204394025,-0.378793231545418,-0.100734090828239,0.154959082258506
"DT_10_11","TME1",-0.38708831435276,-0.353339078432842,-0.572755006067138,-0.659943257602987,1.68430606840327,0.443452912045732,4.13518205609644,0.109784853314455,1.15356762263655,-0.717771124713074,-0.603093861823416,-0.644502562381031,-0.0671156055214024,-0.103298673800991,-0.154511267983123,-0.252568887881971,-0.293138088150202,-0.354486267817776,-0.260793204394025,-0.378793231545418,-0.412866626907463,0.12944283369242
"DT_12_02","TME1",-0.38708831435276,-0.734257092803477,-0.77395014138028,-0.659943257602987,-0.721840030559286,0.260699828148678,2.3700683339581,-0.501647850775949,-0.127453818468925,0.320999579562833,0.424816510278049,-0.469505929770661,-0.0671156055214024,-0.103298673800991,-0.154511267983123,-0.252568887881971,-0.293138088150202,1.33950981232629,-0.260793204394025,-0.378793231545418,0.0123013648164852,0.115322606611595
"DT_09_09","TME1",-0.38708831435276,-0.734257092803477,-0.667012538197451,-0.659943257602987,-0.271552911163308,1.14491575730237,2.11013814680596,-0.263893608839689,-0.636261499957497,-1.01265459188715,-0.0493777090275207,0.240488242824939,-0.0671156055214024,-0.103298673800991,-0.154511267983123,0.672157416438993,-0.293138088150202,0.951894749269575,-0.260793204394025,-0.378793231545418,-0.310837210045612,-0.0131839065709326
"DT_19_01","TME1",-0.38708831435276,2.19469989923594,-0.572654850614727,-0.602346168196222,-0.721840030559286,-0.164818771405071,2.52945916650298,-0.217021852519468,0.49164663807798,-1.01265459188715,-0.415673796554454,-1.31371899071307,-0.0671156055214024,-0.103298673800991,-0.154511267983123,-0.252568887881971,-0.293138088150202,-0.0983081459411603,2.16028052789647,0.0445584564766142,-0.638037738658559,1.66867598500064
"DT_19_24","TME1",-0.38708831435276,-0.0690369204168821,0.294016424559017,-0.659943257602987,0.543526669028625,0.516164716874375,-0.176155755024965,0.649124477500737,0.131742728975548,-1.01265459188715,0.491788230121338,-0.519775840689363,-0.0671156055214024,-0.103298673800991,-0.154511267983123,-0.252568887881971,-0.293138088150202,-0.354486267817776,-0.260793204394025,-0.378793231545418,-0.638037738658559,0.202781051874048
"DT_19_08","TME1",-0.38708831435276,0.237088077717644,0.355364221656353,-0.659943257602987,-0.329647024309093,0.0345966862892061,0.756622206827663,1.2801698067232,0.292195600658566,-0.656921634934653,1.20875463505185,-0.806504350084013,-0.0671156055214024,-0.103298673800991,-0.154511267983123,-0.252568887881971,-0.293138088150202,-0.354486267817776,-0.260793204394025,-0.237975530940473,-0.638037738658559,-0.271035154845505
"DT_07_10","TME1",-0.38708831435276,-0.0783466472489819,0.554790630610341,0.138665743516109,0.518845857344257,-0.185702903353695,-0.473275258173912,1.815392205923,-0.185061068735452,-1.01265459188715,-0.190088067635087,0.359033461417068,-0.0671156055214024,-0.103298673800991,-0.154511267983123,-0.252568887881971,-0.293138088150202,-0.354486267817776,-0.260793204394025,-0.378793231545418,-0.52997592720428,0.480072147428476
"DT_04_06","TME1",-0.38708831435276,-0.353073782552547,-0.523833831600163,-0.659943257602987,0.858323002009838,0.431326514102707,-0.270834178646717,1.51997053551792,-0.885151169514967,-0.890002282266054,0.495285533147555,-1.27423226796272,-0.0671156055214024,-0.103298673800991,-0.154511267983123,-0.252568887881971,-0.293138088150202,-0.354486267817776,-0.260793204394025,-0.378793231545418,0.921228216380788,-0.118102207941782
"DT_19_12","TME1",-0.38708831435276,-0.482344379375888,-0.0258313168392718,-0.659943257602987,-0.376552413648402,0.799952388311933,-0.0648792437557624,-0.0250614033450048,-0.0884625580103235,-0.47429709399388,0.0440877329365864,-0.780879514460039,-0.0671156055214024,-0.103298673800991,-0.154511267983123,-0.252568887881971,-0.293138088150202,-0.354486267817776,-0.260793204394025,-0.378793231545418,-0.638037738658559,0.957161550679431
"DT_19_07","TME1",-0.306024833476097,-0.123180097549656,-0.500249038861015,-0.659943257602987,-0.508170025440079,0.890510028817487,0.41613852540785,0.00101079197716626,0.63008179345425,-0.572490454174609,-0.324267801433691,-0.842480062559069,-0.0671156055214024,-0.103298673800991,-0.154511267983123,-0.252568887881971,-0.293138088150202,-0.354486267817776,-0.260793204394025,-0.378793231545418,-0.592953266376206,1.04293718263241
"DT_10_09","TME1",-0.38708831435276,-0.632048017444696,-0.584170461158964,-0.587198268167092,-0.721840030559286,0.988691461133326,1.01200693124173,-0.24130068955746,0.806830919958294,-0.518640597763555,-0.245390051157168,-0.552798464059953,-0.0671156055214024,-0.103298673800991,-0.154511267983123,-0.252568887881971,-0.293138088150202,-0.354486267817776,-0.260793204394025,-0.378793231545418,-0.0434151295912072,0.290242926725698
"DT_19_17","TME1",-0.38708831435276,-0.734257092803477,-0.267872908716498,-0.659943257602987,-0.721840030559286,0.324277219503799,0.527576726722484,0.749939985955463,1.09949474613732,0.285493430521152,0.525876661381381,-0.586740782509242,-0.0671156055214024,-0.103298673800991,-0.154511267983123,-0.252568887881971,-0.293138088150202,-0.304719137070332,-0.260793204394025,-0.0476087929772841,-0.593931524870916,0.0944432981814411
"DT_19_16","TME1",-0.38708831435276,-0.516066099388616,-0.50841079229387,-0.659943257602987,-0.721840030559286,0.689144744004785,0.058366147606484,0.464165975261748,0.256945118018205,0.471666657071646,0.0659071480809378,-0.686315566352841,-0.0671156055214024,-0.103298673800991,-0.154511267983123,-0.252568887881971,-0.293138088150202,-0.354486267817776,-0.260793204394025,-0.378793231545418,-0.535399947187074,0.673175954013056
"DT_19_23","TME1",-0.38708831435276,-0.393868559175615,-0.651865746367592,-0.659943257602987,-0.721840030559286,0.535549859260713,0.728842783540598,1.0715825437707,0.293866987183133,-0.469923626589825,0.732029862804146,-1.40668136513078,-0.0671156055214024,-0.103298673800991,-0.154511267983123,-0.252568887881971,-0.293138088150202,-0.354486267817776,-0.260793204394025,-0.378793231545418,-0.498360688467227,0.554570763309709
"DT_19_21","TME1",-0.110712667581994,-0.428070036808518,-0.555908934621594,-0.659943257602987,-0.721840030559286,0.593201842224823,0.563612850755038,0.873628197248923,0.0328209643608441,-0.429913781108747,0.424931994344244,-1.34865555114519,-0.0671156055214024,-0.103298673800991,-0.154511267983123,-0.252568887881971,-0.293138088150202,-0.354486267817776,-0.260793204394025,-0.378793231545418,-0.316236511005891,0.671390904414317
"DT_12_14","TME1",-0.38708831435276,-0.734257092803477,-0.77395014138028,-0.468305646175478,-0.720830325429517,-0.305519513349273,0.931291436406309,0.0186439475080628,0.463947613869364,-0.298711321511729,-0.182553254860073,-0.000339352756716611,-0.0671156055214024,-0.103298673800991,-0.154511267983123,-0.252568887881971,-0.293138088150202,0.164217847784515,-0.260793204394025,-0.378793231545418,0.466496235340111,1.21205552100198
"DT_12_13","TME1",-0.38708831435276,-0.734257092803477,-0.77395014138028,-0.659943257602987,-0.598102151692148,0.381975218625781,1.19293859575677,-0.173251731971902,-0.0394627151445917,0.116226773691104,0.0505184404167258,-0.331162673408697,-0.0671156055214024,-0.103298673800991,-0.154511267983123,-0.252568887881971,-0.293138088150202,-0.354486267817776,-0.260793204394025,-0.378793231545418,0.232016813211213,0.680171960873432
"DT_04_07","TME1",-0.38708831435276,-0.317796062685668,-0.5492775451158,-0.270390915418419,0.637942366484378,-0.335413465888809,0.925502247461891,0.360840169195659,-0.0677281534878722,-0.334116269715535,0.579724325925512,-0.0858550695205489,-0.0671156055214024,-0.103298673800991,-0.154511267983123,-0.252568887881971,-0.293138088150202,-0.354486267817776,-0.260793204394025,-0.378793231545418,0.265373558200933,0.264504126297558
"DT_17_09","TME1",-0.38708831435276,-0.555167474946465,0.509954460345045,-0.659943257602987,0.495405280280403,-0.126997175160283,0.246162796336508,0.867613750637218,1.10024545505628,0.166165323045238,-0.164511586061484,-0.833356446238253,-0.0671156055214024,-0.103298673800991,-0.154511267983123,-0.252568887881971,-0.293138088150202,-0.171007364425587,-0.260793204394025,-0.378793231545418,-0.16144194301956,0.265672466967015
"DT_10_08","TME1",-0.38708831435276,-0.628961619241818,-0.34110152324316,-0.549779670148095,0.444294564806317,-0.0421620024730163,1.06722201766328,0.370240393111103,1.01727740530819,-1.01265459188715,-0.734295986290253,-0.023854396330189,-0.0671156055214024,-0.103298673800991,-0.154511267983123,-0.252568887881971,-0.293138088150202,-0.354486267817776,-0.260793204394025,-0.378793231545418,0.212458748692228,1.10056538217617
"DT_12_18","TME1",-0.38708831435276,-0.734257092803477,-0.77395014138028,-0.659943257602987,-0.721840030559286,0.577179681110565,0.952008780280933,-0.815604124388495,-0.704016547997652,-0.671733506162913,-0.319789855016086,0.570446785732644,-0.0671156055214024,-0.103298673800991,-0.154511267983123,-0.252568887881971,1.44420619275097,0.113646314298011,-0.260793204394025,-0.378793231545418,0.117830303264211,1.15120737005945
"DT_12_10","TME1",-0.38708831435276,-0.734257092803477,-0.77395014138028,-0.659943257602987,-0.0450447589439177,-0.210282084827202,0.272367647697219,-0.713762439573738,-0.231305736102788,-0.165633404825638,-0.176703041448238,0.853929371869849,-0.0671156055214024,-0.103298673800991,-0.154511267983123,-0.252568887881971,1.65672145747305,0.77013663413347,-0.260793204394025,-0.378793231545418,-0.465637117592469,1.83022482627194
"DT_12_04","TME1",-0.38708831435276,-0.398079948744577,-0.77395014138028,-0.659943257602987,-0.721840030559286,0.456264948776668,0.046676943224908,0.0346950846563372,-0.747063390557809,-0.326749026060542,-0.374846066929076,1.50001591711287,-0.0671156055214024,-0.103298673800991,-0.154511267983123,-0.252568887881971,1.24422317424084,-0.354486267817776,-0.260793204394025,-0.120760467549999,-0.497497409411605,1.40448062989067
"DT_12_01","TME1",-0.38708831435276,-0.734257092803477,-0.77395014138028,-0.361642997814309,0.32492571462109,0.0751043372644732,0.275791808019199,-0.286042456044121,1.32178801828449,-0.300768678967839,-1.0762520230988,0.923892065895685,-0.0671156055214024,-0.103298673800991,-0.154511267983123,-0.252568887881971,0.999726405956318,-0.354486267817776,-0.260793204394025,0.031461039644423,-0.134374947052022,1.26610081170419
"DT_10_15","TME1",-0.38708831435276,-0.611095960918877,0.021464112146201,-0.659943257602987,0.10612810687347,0.798974330917881,-0.628824530316303,-1.38528511711363,-0.434577112410273,-0.877142854897075,-0.200750888218831,0.765057718020776,-0.0671156055214024,-0.103298673800991,-0.154511267983123,0.174506502120107,-0.293138088150202,-0.354486267817776,-0.260793204394025,-0.378793231545418,-0.0664233399829233,0.831383645329109
"DT_10_14","TME1",-0.38708831435276,-0.590353129252758,-0.0216005894892304,-0.659943257602987,1.00088996640315,0.907829679906181,-0.483669016350151,-0.623578510704863,-0.659258580916095,-0.886306586506571,-0.457349497764089,0.716124132230708,-0.0671156055214024,-0.103298673800991,-0.154511267983123,-0.204944683060022,-0.293138088150202,-0.354486267817776,-0.260793204394025,-0.378793231545418,-0.638037738658559,1.08568288625752
"DT_04_02","TME1",-0.38708831435276,0.00111775676258131,-0.390814621803966,-0.659943257602987,0.599230458106344,0.993176577993503,-0.667506646923068,-0.561703913194223,-0.203682662165261,0.597917147842678,-0.0402379502217829,0.394519824273704,-0.0671156055214024,-0.103298673800991,-0.154511267983123,-0.252568887881971,-0.293138088150202,-0.354486267817776,-0.260793204394025,-0.378793231545418,-0.638037738658559,0.164817429792844
"DT_13_10","TME2",-0.38708831435276,-0.734257092803477,-0.679084951545799,-0.0670031653563402,-0.721840030559286,1.17111241032056,-0.887904390074568,-0.214840012658842,-0.167254391744601,0.0885602509270852,0.488019897780621,2.48502302634795,-0.0671156055214024,-0.103298673800991,-0.154511267983123,-0.252568887881971,-0.293138088150202,0.569925537106197,-0.260793204394025,-0.378793231545418,-0.490309812365058,-1.26428860197504
"DT_13_03","TME2",-0.38708831435276,-0.495434838929605,-0.705800801925705,-0.458295689787281,-0.721840030559286,1.04249411934067,-0.887904390074568,0.27972003837311,0.206388840638803,1.15076223412714,-0.321119917690633,2.08480617577361,-0.0671156055214024,-0.103298673800991,-0.154511267983123,-0.252568887881971,-0.293138088150202,0.350848527131441,-0.260793204394025,-0.378793231545418,-0.14639538385209,-0.935775660077018
"DT_13_12","TME2",-0.38708831435276,-0.734257092803477,-0.739309466496855,-0.111869177386907,-0.721840030559286,0.00477429187869048,-0.686216982946925,0.402154392611304,0.775228247772454,-0.165671091167336,0.530232191807405,1.64008067367375,-0.0671156055214024,-0.103298673800991,-0.154511267983123,-0.252568887881971,-0.293138088150202,0.306743442168463,-0.260793204394025,-0.0355344666164137,0.143272519481082,-0.4453267324582
"DT_13_08","TME2",-0.38708831435276,-0.634170792591165,-0.516204834009942,0.100789945368924,0.173275693566672,1.09830956221916,-0.540206661389043,0.172255016899423,0.717658396621687,0.016614014644906,-0.196706237246546,1.56531589982596,-0.0671156055214024,-0.103298673800991,-0.154511267983123,-0.252568887881971,-0.293138088150202,-0.354486267817776,-0.260793204394025,-0.378793231545418,-0.365010302007481,-1.07461068313958
"DT_13_07","TME2",-0.38708831435276,-0.558753984235922,-0.602065570669112,0.391451177042924,0.567621570164835,0.979568474920025,-0.14232023328646,0.115436600249223,-0.361862745402026,-0.19819049156607,0.17106972426403,1.51143243554349,-0.0671156055214024,-0.103298673800991,-0.154511267983123,-0.252568887881971,-0.293138088150202,-0.354486267817776,-0.260793204394025,-0.378793231545418,-0.353576263265442,-1.06169384174519
"DT_13_02","TME2",-0.38708831435276,-0.436158726607206,-0.0915603392863617,0.381128379810936,-0.721840030559286,0.289982772535676,0.00639968805797074,1.82031985795577,-0.177442653940116,0.689179324475231,-0.454153185054449,1.97524387564136,-0.0671156055214024,-0.103298673800991,-0.154511267983123,-0.252568887881971,-0.293138088150202,-0.354486267817776,-0.260793204394025,-0.378793231545418,-0.369290716516196,-0.760972769461009
"DT_13_06","TME2",-0.38708831435276,-0.734257092803477,-0.677375133838889,1.85760081968829,-0.721840030559286,1.21465572487902,-0.887904390074568,-0.961623157478099,-0.657813229326876,-0.321918481320575,0.0546639018149565,1.52252709222081,-0.0671156055214024,-0.103298673800991,-0.154511267983123,-0.252568887881971,-0.293138088150202,0.0272705607856715,-0.260793204394025,-0.378793231545418,-0.505195163930083,-1.09151291107911
"DT_04_03","TME1",-0.38708831435276,-0.734257092803477,-0.77395014138028,1.49031438182023,-0.435350339985542,1.57452034187283,-0.887904390074568,-0.196510743014406,-0.36864398662171,-1.01265459188715,-0.0198657048920915,0.29478633430348,-0.0671156055214024,-0.103298673800991,-0.154511267983123,-0.252568887881971,-0.293138088150202,-0.354486267817776,-0.260793204394025,-0.378793231545418,-0.638037738658559,-0.678023640755845
"DT_13_01","TME2",-0.38708831435276,-0.734257092803477,-0.77395014138028,1.21080237147045,-0.721840030559286,1.61145592934337,-0.887904390074568,0.108467233654682,0.875504866134338,-0.423772109594633,-0.401186249263353,1.37645393746585,-0.0671156055214024,-0.103298673800991,-0.154511267983123,-0.252568887881971,-0.293138088150202,-0.354486267817776,-0.260793204394025,-0.378793231545418,-0.638037738658559,-1.34809822558284
"DT_13_11","TME1",-0.38708831435276,-0.734257092803477,-0.0366263173081792,0.126238616936244,-0.721840030559286,1.83344086248831,-0.448687777553436,-1.1720042752624,-0.147131217037327,-0.231469758182982,-0.239903817371736,0.369988166191108,-0.0671156055214024,-0.103298673800991,-0.154511267983123,-0.252568887881971,-0.293138088150202,-0.354486267817776,-0.260793204394025,-0.378793231545418,-0.352011538169993,-0.791873966099481
"DT_04_04","TME1",-0.38708831435276,-0.734257092803477,-0.77395014138028,1.28128264002414,-0.354677286315009,1.47821169246203,0.269664483218053,-0.213855993665249,-0.00823329535246544,-0.97431510946729,-0.0899820351339343,-0.433804946689144,-0.0671156055214024,-0.103298673800991,-0.154511267983123,-0.252568887881971,-0.293138088150202,1.25749195141082,-0.260793204394025,-0.378793231545418,-0.638037738658559,-0.931656010911287
"DT_10_12","TME1",-0.38708831435276,-0.734257092803477,-0.77395014138028,-0.113652743174464,-0.614752040585916,1.0950753132408,-0.503807562567006,-0.140914077611757,0.109875207379893,-0.130916992358442,0.531563447310507,-0.852283071170509,-0.0671156055214024,-0.103298673800991,-0.154511267983123,7.53687825036359,-0.293138088150202,0.775883862359086,0.13396540898464,-0.0278657539382,0.0816980582025732,-1.25917220865464
"DT_09_16","TME1",-0.38708831435276,-0.114341260844361,-0.692159971603387,0.195241838673917,-0.162141639312112,0.163550346165173,-0.118360441913833,1.47557233762632,-0.804587476540705,0.66171120864531,0.798816697621243,-0.812432970585981,-0.0671156055214024,-0.103298673800991,-0.154511267983123,4.38776577359506,0.261580722610262,-0.354486267817776,-0.260793204394025,-0.378793231545418,0.191033043356043,-0.909331184206369
"DT_17_04","TME1",-0.38708831435276,-0.10490308562843,2.07390688948902,-0.121795095385738,-0.721840030559286,-0.173789897301893,-0.473446478039234,0.378824710098229,-1.13507270973969,0.5841583560756,0.502428324912046,0.0975082921141795,-0.0671156055214024,-0.103298673800991,-0.154511267983123,3.29082769091363,-0.293138088150202,-0.354486267817776,-0.260793204394025,-0.378793231545418,-0.638037738658559,-0.567886188997597
"DT_09_23","TME2",-0.38708831435276,-0.243006931972854,0.743883503373587,0.719017460534774,0.424031819487919,-0.20673646667315,-0.536769775820828,1.15684918921671,-0.592209002818461,0.515489994073992,0.66339795495352,0.232441533380344,-0.0671156055214024,-0.103298673800991,-0.154511267983123,3.47662904385705,-0.293138088150202,-0.354486267817776,-0.260793204394025,-0.378793231545418,-0.626356238025372,-1.11433914107613
"DT_10_05","TME1",-0.38708831435276,-0.730590321338759,-0.209692821929149,0.00733830624898713,-0.422378465771407,0.769375688064989,-0.194802919943941,0.207129232941039,-0.960555784275445,-0.770871449265134,-0.738720847444391,-0.271140027160197,-0.0671156055214024,-0.103298673800991,-0.154511267983123,8.36831742244219,-0.293138088150202,-0.354486267817776,-0.260793204394025,-0.378793231545418,0.356758281269349,0.220502595451394
"DT_09_14","TME1",-0.38708831435276,-0.0919762216505814,-0.23548444251141,-0.659943257602987,-0.721840030559286,1.2596991805078,0.166571573019202,-0.834726656749128,-1.13507270973969,-0.869876320544456,-0.691561020774759,0.73476267625441,-0.0671156055214024,-0.103298673800991,-0.154511267983123,3.30634914552183,-0.293138088150202,-0.354486267817776,-0.260793204394025,-0.378793231545418,-0.493483453434229,1.02234344640563
"DT_09_21","TME1",-0.38708831435276,-0.442093626435055,-0.273065175327884,-0.659943257602987,0.764286587881682,1.05298587338276,0.72796289421608,1.14104759838473,-1.13507270973969,-0.359287644160859,-0.267632053947389,-0.25476244690758,-0.0671156055214024,-0.103298673800991,-0.154511267983123,2.40011675541446,-0.293138088150202,-0.354486267817776,-0.260793204394025,-0.378793231545418,-0.544287211500865,0.129423919460257
"DT_04_01","TME1",-0.38708831435276,-0.0369614251356982,0.281304120589888,0.0977172736751309,-0.271921991327675,1.58715573846819,-0.364372641485629,0.78419989724353,-0.688125714486138,-1.01265459188715,-0.120549687375486,-0.96500602138499,-0.0671156055214024,-0.103298673800991,-0.154511267983123,1.27630854824943,-0.293138088150202,-0.354486267817776,-0.260793204394025,-0.256362160907456,-0.494240761498075,-0.6675197074691
"DT_07_17","TME1",-0.38708831435276,-0.734257092803477,-0.647690582909697,0.72304711785329,0.148330518061592,0.902021810196553,0.567743268780813,1.66212874832191,-1.13507270973969,-0.900308474020475,-0.709915920517516,0.15449807845171,-0.0671156055214024,-0.103298673800991,-0.154511267983123,1.26335986618928,-0.293138088150202,-0.354486267817776,-0.260793204394025,1.2629666653759,0.21936694786931,-0.538819735617979
"DT_07_16","TME3",1.13707131002863,1.23236458421099,-0.110296691000827,0.82762747438778,1.38666727329365,0.525211943428289,-0.0184566230844192,-0.119499560273027,-1.01929047687648,-0.272034925817343,0.179388098304304,-0.608334939738101,-0.0671156055214024,-0.103298673800991,-0.154511267983123,2.048434174635,-0.293138088150202,-0.354486267817776,-0.260793204394025,0.270584740976776,-0.638037738658559,-0.889669632244226
"DT_07_08","TME3",-0.38708831435276,1.02863481750041,0.280685343631486,0.537571015123947,1.63191695912362,0.591797415371023,-0.663600159252356,0.0433209505660599,-1.13507270973969,0.322480816141496,-0.294538335228176,0.21363615794904,-0.0671156055214024,-0.103298673800991,-0.154511267983123,1.45538598430121,-0.293138088150202,-0.354486267817776,-0.260793204394025,2.03270993400483,-0.467821417177479,-1.01266484021058
"DT_06_25","TME2",-0.38708831435276,0.854027308279579,0.426020990714799,-0.659943257602987,-0.721840030559286,-0.86212963594978,-0.887904390074568,1.75792797753393,0.668301555200485,1.92174543076285,-0.955764915272791,1.42908286813599,-0.0671156055214024,-0.103298673800991,-0.154511267983123,-0.252568887881971,1.79363736166564,-0.354486267817776,-0.260793204394025,0.268533849856989,-0.498850639079917,0.732993001909645
"DT_06_10","TME2",-0.38708831435276,0.126402848581947,1.63000161623137,-0.659943257602987,-0.721840030559286,-1.04030505227289,-0.887904390074568,0.807397779821538,3.43151486317774,1.82387573605893,-1.03965489384432,1.12266998880345,-0.0671156055214024,-0.103298673800991,-0.154511267983123,-0.252568887881971,0.271957240022611,-0.354486267817776,-0.260793204394025,-0.378793231545418,-0.638037738658559,0.0618695825590833
"DT_06_12","TME1",-0.38708831435276,0.202381748020852,1.93601554903331,-0.659943257602987,-0.14331252655503,-0.095835192350502,-0.887904390074568,1.40992938125705,0.822011981209157,-1.01265459188715,-1.3665076012105,1.04102180043097,-0.0671156055214024,0.0766354915589175,-0.154511267983123,-0.252568887881971,-0.293138088150202,-0.354486267817776,-0.260793204394025,0.786062010932656,-0.638037738658559,0.707665802197727
"DT_06_16","TME3",0.342581084829619,1.26705912878382,1.82949467683087,-0.195072930580154,-0.45832263339793,0.37506738474803,-0.887904390074568,-0.0762912608730063,-0.748041588561789,1.01157672819505,-1.41836901375607,2.14929944411127,-0.0671156055214024,-0.103298673800991,0.690424631384111,-0.252568887881971,-0.293138088150202,-0.354486267817776,-0.260793204394025,-0.279675116398857,-0.638037738658559,-0.40865935772002
"DT_06_04","TME2",1.29443001325019,1.39136860363585,0.343025049612164,-0.659943257602987,-0.721840030559286,0.0221538231287357,-0.885274234913112,2.2377170922324,0.765668221974509,2.40383289653998,-1.41836901375607,1.44998595899198,-0.0671156055214024,-0.103298673800991,-0.154511267983123,-0.252568887881971,-0.293138088150202,-0.354486267817776,-0.260793204394025,0.138868982995184,-0.0871778026247041,-0.946421942963791
"DT_12_16","TME1",-0.38708831435276,-0.734257092803477,-0.77395014138028,-0.659943257602987,-0.721840030559286,-0.0674421000448635,-0.149068844159603,0.821404308812766,-0.138071531246986,0.735364927073762,-0.589928367156087,1.14596504348748,-0.0671156055214024,-0.103298673800991,-0.154511267983123,-0.252568887881971,-0.293138088150202,1.35967516239272,-0.260793204394025,-0.378793231545418,-0.355910079517394,1.24417115845998
"DT_12_03","TME1",-0.38708831435276,-0.734257092803477,-0.77395014138028,-0.659943257602987,-0.721840030559286,-0.241930431005398,0.229133496378266,-0.179204111920667,0.14290753783093,0.329505478084132,-0.414358386374886,0.647015424508092,-0.0671156055214024,-0.103298673800991,-0.154511267983123,-0.252568887881971,-0.293138088150202,1.65840943019312,-0.260793204394025,-0.378793231545418,-0.0984415319584547,1.46806533189551
"DT_12_05","TME1",-0.38708831435276,-0.734257092803477,-0.77395014138028,-0.608719766438447,-0.637391668781747,-0.0676078404421187,-0.738510701141328,0.00822883011334772,1.05926473194847,0.964984420323346,-0.707146383169771,1.39526154265594,-0.0671156055214024,-0.103298673800991,-0.154511267983123,-0.252568887881971,-0.293138088150202,1.02169601985736,-0.260793204394025,-0.378793231545418,-0.619315279419956,1.33698703853854
"DT_12_09","TME1",-0.38708831435276,-0.734257092803477,-0.77395014138028,-0.659943257602987,-0.178377922770506,-0.628553683649171,0.60163463535511,0.36750356563386,-0.925109977869237,0.993603647309626,-0.923044612513453,1.26252515923988,-0.0671156055214024,-0.103298673800991,-0.154511267983123,-0.252568887881971,1.03030706365853,2.53851837202626,-0.260793204394025,-0.378793231545418,0.0645390935564907,1.52261876057846
"DT_12_12","TME1",-0.38708831435276,-0.734257092803477,-0.77395014138028,-0.659943257602987,-0.721840030559286,-0.0345092445902206,0.295609257968743,-0.0666551174045844,-1.01074887477321,-0.0810542995847468,0.53944804109582,0.0137129327622417,-0.0671156055214024,-0.103298673800991,-0.154511267983123,-0.252568887881971,-0.293138088150202,1.49011065175468,-0.260793204394025,-0.378793231545418,0.31176435982115,0.800882601887077
"DT_12_08","TME1",-0.38708831435276,-0.734257092803477,-0.77395014138028,-0.659943257602987,-0.721840030559286,-0.400133518694727,0.250589386431719,-0.570357374450235,0.408993883248084,0.980745135183245,-0.31327756746098,0.249101288643374,-0.0671156055214024,-0.103298673800991,-0.154511267983123,-0.252568887881971,-0.0509731734395362,1.43775774763507,-0.260793204394025,-0.378793231545418,1.09144677246522,0.48057327956724
"DT_12_19","TME1",-0.38708831435276,-0.734257092803477,-0.77395014138028,-0.659943257602987,-0.721840030559286,0.15712372014605,-0.463391106444258,-0.530832442713201,0.851765989145059,-0.502442936576466,0.132037911609643,-0.154867338062733,-0.0671156055214024,-0.103298673800991,-0.154511267983123,-0.252568887881971,0.380055622149575,1.07788368862855,-0.260793204394025,-0.124367289814312,-0.308068820518532,1.28298242955907
"DT_12_15","TME1",-0.38708831435276,-0.734257092803477,-0.77395014138028,-0.659943257602987,-0.721840030559286,0.0155369994717588,0.382712964063669,-0.288747304962611,0.393267005494198,0.429619479063079,-0.209891525029449,-0.0251153499886921,-0.0671156055214024,-0.103298673800991,-0.154511267983123,-0.252568887881971,1.2692079530981,1.8719456830576,-0.260793204394025,-0.378793231545418,-0.189517301319702,0.93323688535174
"DT_12_07","TME1",-0.38708831435276,-0.734257092803477,-0.77395014138028,-0.659943257602987,-0.558630792891171,0.139961187889475,0.975945984598265,-0.363340591161929,-0.619197686255406,-0.0505858010626125,0.368762017639432,0.337494384219532,-0.0671156055214024,-0.103298673800991,-0.154511267983123,-0.252568887881971,1.69722857453477,1.18683404039037,-0.260793204394025,-0.378793231545418,0.456663391837087,0.106309791302062
"DT_19_10","TME1",-0.38708831435276,-0.734257092803477,-0.37702028578059,-0.659943257602987,-0.721840030559286,1.18654219581043,0.0518653194176646,0.514838376683072,0.592096089648892,-0.456929720160249,-0.470866326492504,-0.0558310111378977,-0.0671156055214024,-0.103298673800991,-0.154511267983123,-0.252568887881971,-0.293138088150202,1.59656400985848,-0.260793204394025,-0.245367091524156,-0.536001632475743,-0.0243732833295795
"DT_19_04","TME1",-0.38708831435276,-0.734257092803477,-0.324109365629118,-0.659943257602987,-0.721840030559286,0.980285475627423,0.325518486367195,0.132625196987525,-0.369329726585569,-0.585631266915122,-0.0913926943834647,-0.131576952407494,-0.0671156055214024,-0.103298673800991,-0.154511267983123,-0.252568887881971,-0.293138088150202,0.908301668401141,-0.260793204394025,-0.378793231545418,-0.638037738658559,0.655484577411305
"DT_12_11","TME1",-0.38708831435276,-0.734257092803477,-0.77395014138028,-0.659943257602987,-0.721840030559286,0.119225312231315,0.653783484203868,-0.089006888709587,-0.177968169418333,0.292606299616642,-0.472015388075918,0.272049688296488,-0.0671156055214024,-0.103298673800991,-0.154511267983123,-0.252568887881971,-0.293138088150202,4.20418540189756,-0.260793204394025,-0.378793231545418,-0.261670603239992,0.714509924283074
"DT_12_06","TME1",-0.38708831435276,-0.734257092803477,-0.77395014138028,-0.659943257602987,-0.721840030559286,0.0938072949657052,0.941275484067746,1.18335452722762,0.160567702944245,-0.0139074392552779,-0.529459223186018,0.0170752738882143,-0.0671156055214024,-0.103298673800991,-0.154511267983123,-0.252568887881971,-0.0709069760635435,2.79837463726639,-0.260793204394025,-0.378793231545418,-0.16508593871122,0.652606578755702
"DT_17_13","TME1",-0.38708831435276,-0.377511361343497,0.173348666407719,-0.586915968736342,-0.19192158777756,0.180885896430267,0.844785547536316,0.405509770594043,0.499368361296557,-0.441054650482829,-0.370420683915696,-1.53489534494121,-0.0671156055214024,-0.103298673800991,-0.154511267983123,-0.252568887881971,-0.293138088150202,2.7869602485146,0.914284940941959,-0.139782586752551,-0.377838760761114,0.405323218802385
"DT_19_09","TME1",-0.38708831435276,0.273939306332728,-0.563171850373407,-0.659943257602987,0.147002901103105,0.407924352084702,0.0156769151202931,-0.610427764722758,1.66116167545028,-0.428158567504287,-0.0088881172045799,-0.891447510314976,-0.0671156055214024,-0.103298673800991,-0.154511267983123,-0.252568887881971,-0.293138088150202,-0.354486267817776,-0.260793204394025,-0.378793231545418,-0.638037738658559,1.04504755963409
"DT_19_05","TME1",0.137794033544785,0.521499120115373,-0.687502093822589,-0.659943257602987,-0.721840030559286,0.265277161615438,-0.646443664031069,-0.280114760052148,1.00252127668474,1.50546019502026,0.179828996658255,-0.822216042221399,-0.0671156055214024,-0.103298673800991,-0.154511267983123,-0.252568887881971,-0.290974763391828,-0.354486267817776,-0.260793204394025,-0.378793231545418,-0.638037738658559,0.727174305305666
"DT_17_06","TME1",-0.38708831435276,-0.734257092803477,-0.0188862561180823,0.744533655550365,-0.0782917220783532,-1.00833384771451,-0.140352310446369,-0.514004539669723,1.34878503526908,0.745197479046313,-0.684685850626973,-0.0841011061459825,-0.0671156055214024,-0.103298673800991,-0.154511267983123,-0.252568887881971,-0.293138088150202,-0.292391252094464,-0.260793204394025,-0.378793231545418,-0.56071709882927,1.81342976052127
"DT_17_05","TME1",-0.38708831435276,-0.633306295489329,-0.173701754305628,0.0986907601275117,-0.5529744459327,-0.991006661562846,0.496268884594993,0.923097677903437,2.06431758653702,-0.0996345234142926,-0.476164519348131,0.149462580736282,-0.0671156055214024,-0.103298673800991,-0.154511267983123,-0.252568887881971,0.31815092863997,-0.354486267817776,-0.260793204394025,-0.378793231545418,-0.638037738658559,1.60437671014063
"DT_17_03","TME1",-0.235111718672988,-0.681969394872839,-0.64257495206209,-0.4739313537825,-0.721840030559286,-0.779008862560919,0.243321552302254,1.71654086199935,2.21793514479249,1.08578547725717,-0.391538393283747,-0.655702460618288,-0.0671156055214024,-0.103298673800991,-0.154511267983123,-0.252568887881971,0.193380244144569,-0.354486267817776,-0.260793204394025,-0.378793231545418,-0.192456781945565,1.16282120442618
"DT_17_08","TME1",-0.337867776283944,-0.734257092803477,-0.077153720804054,0.608608392397303,-0.721840030559286,-0.613729979182045,-0.659024598767213,2.25883980877979,1.55246942924847,0.417615379211583,-0.0605911427042339,-0.937477070758344,-0.0671156055214024,-0.103298673800991,-0.154511267983123,-0.252568887881971,-0.293138088150202,-0.176829140109665,-0.260793204394025,-0.378793231545418,-0.436338982908491,0.465139851566398
"DT_19_06","TME1",-0.38708831435276,-0.521796713456795,-0.258035186717093,-0.659943257602987,-0.721840030559286,0.0757365499310469,-0.0401603118557127,0.549417821413904,1.39942771114708,0.202756275987013,-0.293977002400265,0.169787392432391,-0.0671156055214024,-0.103298673800991,-0.154511267983123,-0.252568887881971,-0.0503893896717224,-0.354486267817776,-0.260793204394025,-0.378793231545418,-0.483276815464492,0.903723886888558
"DT_06_07","TME1",-0.38708831435276,-0.734257092803477,-0.436018837241112,-0.659943257602987,-0.721840030559286,0.250199774194682,-0.887904390074568,0.96732963708815,1.08070941883275,0.384587667462189,-0.759400697102283,0.433210007893704,-0.0671156055214024,-0.103298673800991,-0.154511267983123,-0.252568887881971,-0.293138088150202,-0.208046411296849,-0.260793204394025,-0.378793231545418,-0.597117346467488,1.39665121295098
"DT_18_35","TME1",-0.38708831435276,-0.253143693946631,-0.77395014138028,-0.659943257602987,-0.721840030559286,-0.105096020630481,-0.681235871256458,1.09543546248031,0.612803542372045,0.0528791668515958,0.166405292766218,0.159966764444337,-0.0671156055214024,-0.103298673800991,-0.154511267983123,-0.252568887881971,0.296941884937904,-0.354486267817776,-0.260793204394025,-0.378793231545418,-0.638037738658559,1.45940994516568
"DT_06_13","TME1",-0.38708831435276,-0.734257092803477,-0.597718385399582,-0.659943257602987,-0.721840030559286,-0.133295593869394,-0.887904390074568,1.69675064046454,0.673275082020517,0.770346575152231,-0.679072664790105,0.47575845007932,-0.0671156055214024,-0.103298673800991,-0.154511267983123,-0.252568887881971,-0.293138088150202,-0.340817201821264,-0.260793204394025,-0.378793231545418,-0.210470427721128,1.39508334014491
"DT_06_06","TME1",-0.38708831435276,-0.734257092803477,-0.389472718075848,-0.659943257602987,-0.721840030559286,-0.350623892936311,-0.887904390074568,2.22566340642632,0.8050018106824,0.467934104419571,-0.0540451080826814,0.207861990362387,-0.0671156055214024,-0.103298673800991,-0.154511267983123,-0.252568887881971,-0.0665207684589741,-0.288209170342135,-0.260793204394025,-0.378793231545418,-0.58538020973158,1.24173610776834
"DT_17_11","TME1",-0.38708831435276,-0.734257092803477,2.26854996590918,0.793229528984978,-0.721840030559286,-0.381011666943809,-0.870259728736027,2.13026141552036,-0.304370202291958,0.236269899936351,-1.05485496081919,-1.54611313587319,-0.0671156055214024,-0.103298673800991,-0.154511267983123,-0.252568887881971,-0.293138088150202,5.27941457220846,-0.260793204394025,-0.378793231545418,-0.638037738658559,-0.605197854702091
"DT_17_01","TME1",-0.38708831435276,-0.734257092803477,2.51491735098634,0.429414243593385,-0.721840030559286,-1.09640727407499,0.246256420565455,2.33583780492123,-0.966632022221487,0.518134887031948,0.493866149730101,-1.54611313587319,-0.0671156055214024,-0.103298673800991,-0.154511267983123,-0.252568887881971,-0.293138088150202,2.20465497407504,-0.0974493630557481,-0.378793231545418,-0.638037738658559,-0.484114725573232
"DT_17_12","TME1",-0.38708831435276,-0.734257092803477,1.72649876978458,0.593307793257549,-0.721840030559286,-0.70389815659491,-0.793516724505803,0.994499963714237,-1.02237344372432,-0.132589551734512,-1.04364370596789,-1.54611313587319,-0.0671156055214024,-0.103298673800991,-0.154511267983123,-0.252568887881971,-0.293138088150202,8.03805570443535,-0.260793204394025,-0.378793231545418,-0.618043661438075,0.384175393413104
"DT_17_10","TME1",0.54032714521469,-0.734257092803477,2.54961375073687,0.323557832740238,-0.721840030559286,-0.763742647713938,-0.766549422262416,-0.164049518924695,-1.01489122996242,-0.213822768319443,-0.45290107032185,-1.54611313587319,-0.0671156055214024,-0.103298673800991,-0.0569704934299451,-0.252568887881971,-0.293138088150202,4.99730802669205,-0.260793204394025,-0.378793231545418,-0.61679494955932,0.489566486594245
"DT_18_38","TME1",-0.38708831435276,0.504312172245063,-0.77395014138028,-0.230657277859572,-0.0610040831252847,-1.25548303434015,-0.691592133334753,1.30916584908865,0.0397360723183976,-0.0162951792557463,0.858055691870398,0.3067524663055,-0.0671156055214024,-0.103298673800991,-0.154511267983123,-0.252568887881971,3.15978939525098,-0.354486267817776,-0.260793204394025,0.754161692422506,-0.638037738658559,1.44493159007015
"DT_06_18","TME1",-0.38708831435276,-0.734257092803477,-0.77395014138028,-0.186555351989488,-0.721840030559286,-0.838354396584287,-0.887904390074568,0.219338199652977,1.75393031016406,-0.2565901143628,-0.473881810865596,-0.193213016050674,-0.0671156055214024,-0.103298673800991,-0.154511267983123,-0.252568887881971,5.47448341236065,-0.354486267817776,-0.260793204394025,-0.165040854621113,-0.161365754180988,2.04690785336441
"DT_19_11","TME1",-0.148107659174975,0.158393323395145,-0.77395014138028,-0.659943257602987,-0.721840030559286,1.1000810441326,-0.182603972440354,0.460445917822778,0.184619581219177,-0.113084062158517,-0.11607059553785,-1.39995549366444,-0.0671156055214024,-0.103298673800991,-0.154511267983123,-0.252568887881971,2.70433507041649,-0.354486267817776,-0.260793204394025,-0.378793231545418,-0.52432725639348,0.599011512980577
"DT_14_10","TME1",-0.38708831435276,-0.734257092803477,-0.77395014138028,-0.659943257602987,0.373136144161288,-0.753952764348625,-0.410771868191592,-1.46539429642533,0.352368165954565,-0.0158338416626511,0.0812688974501739,-0.857730604076111,-0.0671156055214024,-0.103298673800991,-0.154511267983123,-0.252568887881971,4.07797229717798,-0.354486267817776,0.566652149700224,0.888459252530476,2.09123931691762,0.533685770604603
"DT_17_07","TME1",-0.38708831435276,-0.162790459186077,-0.77395014138028,-0.535892586583944,-0.40969062402159,-0.856783129144745,2.06579503908384,1.26916596913808,-0.135783324822725,0.782537110865132,0.381421221886787,-1.33144594744678,-0.0671156055214024,-0.103298673800991,12.2101485891996,-0.252568887881971,8.42939318356573,0.983557237000831,-0.260793204394025,-0.378793231545418,-0.106572966839545,0.0346837635481308
"DT_14_14","TME1",-0.254161803306489,-0.734257092803477,-0.77395014138028,-0.659943257602987,-0.721840030559286,-0.468217946565264,-0.0232779131847183,-0.856682778900544,-0.618463642517285,-0.49387892516103,-0.0817710386608366,-1.40035267296413,-0.0671156055214024,-0.103298673800991,-0.154511267983123,-0.252568887881971,1.95553118073823,-0.354486267817776,3.6151156927976,3.12834612227114,1.56785600124182,1.07717663347889
"DT_03_04","TME1",-0.38708831435276,3.14373320272994e-05,-0.77395014138028,-0.345992547248077,-0.721840030559286,-1.25548170828808,-0.475044560764463,0.0297014816113501,-0.136785710834601,-0.448133137519884,-0.502896095359399,0.0645650332208538,-0.0671156055214024,-0.103298673800991,-0.154511267983123,-0.252568887881971,-0.172351207741748,-0.354486267817776,2.33679571674962,7.14472097151289,-0.0212569600155031,2.46038028403641
"DT_03_06","TME1",-0.38708831435276,-0.734257092803477,-0.707453803621888,0.328441262688935,-0.126407470526103,-0.481249521820357,0.664013174059429,1.05234448829968,0.249635968166644,-0.522462240093022,-0.780188468096638,0.0146056406258862,-0.0671156055214024,-0.103298673800991,-0.154511267983123,-0.252568887881971,-0.293138088150202,-0.354486267817776,2.47261084572236,6.88790993777077,0.348206001948037,0.223459665506605
"DT_03_02","TME1",-0.38708831435276,-0.734257092803477,-0.592707065673283,-0.197819289067745,0.172423941466141,-1.18396530280409,2.29223963291837,1.922138257608,-0.566975239797951,-0.257217381112551,0.139201673740598,0.293407363212782,-0.0671156055214024,-0.103298673800991,-0.154511267983123,-0.252568887881971,-0.293138088150202,-0.354486267817776,2.17896840886004,3.96014392820094,0.0852635218844338,0.544070332514022
"DT_03_03","TME1",-0.38708831435276,-0.734257092803477,-0.480862719594262,-0.659943257602987,0.238010300907631,-1.53256863095628,-0.0974191732757137,1.47931156272369,-0.92038022578231,-0.174658636653161,0.332362672027153,0.431704657907939,-0.0671156055214024,-0.103298673800991,-0.154511267983123,-0.252568887881971,-0.293138088150202,-0.354486267817776,3.62759345015925,3.6839703340355,0.373576930453691,1.42164271418958
"DT_03_01","TME1",-0.38708831435276,-0.734257092803477,-0.77395014138028,-0.659943257602987,-0.346913784107232,-1.53256863095628,-0.68747763834907,2.44801040450909,-0.758464944126695,0.129821210597606,0.890607152783713,-0.182420094548502,-0.0671156055214024,-0.103298673800991,-0.154511267983123,-0.252568887881971,-0.293138088150202,-0.354486267817776,8.55016361178948,3.9623269060757,0.140083156559697,0.697522012410512
"DT_16_18","TME2",-0.38708831435276,-0.596496557745843,0.319584488625771,0.0682594788589284,1.12014527519519,-0.689294169946056,-0.796203589627138,-0.426276412322053,0.396741498399414,0.23974695006808,1.13679202366969,1.52311432991019,-0.0671156055214024,-0.103298673800991,-0.154511267983123,-0.252568887881971,-0.293138088150202,-0.354486267817776,-0.260793204394025,-0.378793231545418,0.302139295036571,-1.04640519703694
"DT_16_09","TME2",-0.38708831435276,-0.734257092803477,0.623629652457453,-0.352969588785075,0.208938779693144,-0.295195198395346,-0.887904390074568,-0.178128469750049,0.205731623300484,0.917077021919053,0.220922394226125,1.76514295800256,-0.0671156055214024,-0.103298673800991,-0.154511267983123,-0.252568887881971,-0.293138088150202,-0.354486267817776,-0.260793204394025,-0.159377603962023,0.26147469257791,-0.68339975262968
"DT_09_18","TME2",-0.38708831435276,-0.122282685570809,1.37768572220588,-0.641219730997164,-0.256242930135706,-0.719308815947216,-0.782309814635585,0.316725561374564,0.0688106919288019,0.602439641179905,0.732538543880153,0.76153191476133,-0.0671156055214024,-0.103298673800991,-0.154511267983123,-0.252568887881971,-0.293138088150202,-0.354486267817776,-0.260793204394025,-0.378793231545418,0.0706259030095427,-0.377682701251709
"DT_14_11","TME2",-0.38708831435276,-0.734257092803477,-0.714291776298827,-0.659943257602987,-0.39698812214468,-1.03681709443222,-0.197341632270912,-0.901859284518032,1.12045666893551,1.19741308136711,0.978410053831225,0.435698690467847,-0.0671156055214024,-0.103298673800991,-0.154511267983123,-0.252568887881971,-0.293138088150202,-0.354486267817776,-0.260793204394025,0.0753888613893775,0.934138364286404,0.285855070245154
"DT_16_17","TME2",-0.38708831435276,-0.734257092803477,1.27028585794594,0.751381736101811,-0.4176886285951,-0.946486815047057,-0.887904390074568,-1.20491624969758,0.289453401510679,-0.081751146880134,-0.133971194236721,1.59565630280115,-0.0671156055214024,-0.103298673800991,-0.154511267983123,-0.252568887881971,-0.293138088150202,0.951932695171343,-0.260793204394025,-0.286199987740253,1.32453674472871,-0.978877329680201
"DT_16_16","TME2",-0.38708831435276,-0.734257092803477,0.7069319424942,0.867252609209167,-0.430807014479187,-0.848425906313685,-0.85229348957019,0.0841551675291948,-0.121578014248099,0.508595942715938,-0.199757456958112,2.66974441364585,-0.0671156055214024,-0.103298673800991,-0.154511267983123,-0.252568887881971,-0.293138088150202,-0.302256642315257,-0.260793204394025,-0.378793231545418,1.08397888531968,-1.09627480838024
"DT_16_28","TME2",0.00706125786808925,-0.193362036324595,-0.77395014138028,1.55541760273673,-0.140999806979404,-1.53256863095628,-0.887904390074568,-0.868884392575897,0.36778003957339,1.99719616363563,2.26185259225908,-0.339985503501597,-0.0671156055214024,-0.103298673800991,-0.154511267983123,-0.252568887881971,-0.293138088150202,-0.354486267817776,-0.260793204394025,-0.378793231545418,0.892500368517683,-1.45789734776696
"DT_16_10","TME2",-0.38708831435276,-0.0889290124590106,0.865454955526666,0.905469832435528,1.4520755596947,-1.53256863095628,-0.887904390074568,-0.533328453446956,0.183462621652953,1.35086105467343,1.95801101720521,0.230866624180274,-0.0671156055214024,-0.103298673800991,-0.154511267983123,-0.252568887881971,-0.293138088150202,-0.354486267817776,-0.260793204394025,-0.363472357161662,0.0410403110352979,-1.43460841793579
"DT_16_07","TME2",-0.38708831435276,0.300319797238956,0.211592752083227,2.09908804439338,1.28047869523767,-1.53256863095628,-0.376018022610372,0.164992945574737,-1.0605379047925,1.12323033014115,0.771980951145671,1.28183473799968,-0.0671156055214024,-0.103298673800991,-0.154511267983123,-0.252568887881971,-0.293138088150202,-0.354486267817776,-0.260793204394025,-0.378793231545418,-0.0751744696762912,-0.75212748482263
"DT_16_04","TME2",-0.38708831435276,-0.528231288591598,-0.649452266210661,5.2286454714066,0.7963187019194,-1.53256863095628,-0.570189721971308,-0.443777229045995,0.104657933172626,0.339910545957422,0.545457854959751,0.213522735535222,-0.0671156055214024,-0.103298673800991,-0.154511267983123,-0.252568887881971,-0.293138088150202,-0.354486267817776,-0.260793204394025,-0.378793231545418,-0.146463398887475,-1.20474439611935
"DT_16_29","TME2",-0.38708831435276,0.126824375041149,0.502560990931947,-0.659943257602987,1.3378924303776,-0.715836429101706,-0.887904390074568,-0.229512324948378,-0.478875930288902,0.346883060129632,1.73949976111162,1.70907378067459,-0.0671156055214024,-0.103298673800991,-0.154511267983123,-0.252568887881971,-0.293138088150202,-0.354486267817776,-0.260793204394025,-0.378793231545418,-0.469890868220562,-0.562209746275758
"DT_13_09","TME2",-0.38708831435276,-0.377231899340331,-0.628483012118543,-0.370961069978414,0.217039884668897,-1.30777792557031,-0.52925161237726,-0.375542400423161,-0.501184144917911,0.557833660448631,2.31982378748714,3.75299238965241,-0.0671156055214024,-0.103298673800991,-0.154511267983123,-0.252568887881971,-0.293138088150202,-0.354486267817776,-0.260793204394025,-0.378793231545418,-0.345899118325842,-0.350074093924771
"DT_13_14","TME2",-0.38708831435276,-0.124926409306228,-0.347356764842012,0.480707456750895,1.41311158892706,0.432673255700815,-0.274732750022611,-0.902092564340794,-0.878114702916622,-0.172903687229023,0.918167858696337,1.93888792508155,-0.0671156055214024,-0.103298673800991,-0.154511267983123,-0.252568887881971,-0.293138088150202,-0.354486267817776,-0.260793204394025,-0.378793231545418,-0.4854799013243,-1.08422644091796
"DT_13_13","TME2",-0.38708831435276,-0.123480806192951,-0.751956663703959,-0.149481538964165,2.38523482413316,-0.047541811925769,-0.725050433804977,0.575627345507261,0.154726470140871,0.405731026350183,1.5650441416343,2.61355212457911,-0.0671156055214024,-0.103298673800991,-0.154511267983123,-0.252568887881971,-0.182647772666681,-0.354486267817776,-0.260793204394025,-0.18591531185752,-0.638037738658559,-1.78972187197027
"DT_13_05","TME2",-0.38708831435276,-0.306206067717302,-0.685040748724691,0.404791741461997,3.25215023346926,-0.703689839123707,-0.681866792050727,0.990373867309237,-0.52153538472891,0.581536162719006,1.91056412576095,2.09055979270858,-0.0671156055214024,-0.103298673800991,-0.154511267983123,-0.252568887881971,-0.293138088150202,-0.354486267817776,-0.260793204394025,-0.225982422756919,-0.331051152857673,-1.84425223436928
"DT_13_04","TME2",-0.38708831435276,-0.640519500922827,-0.661857885659536,0.950173615977339,1.33415842771944,-0.486510375537715,-0.443389753950755,0.0362001082647657,0.0521801927098814,0.0244799348020824,2.15159672723834,1.65784087291949,-0.0671156055214024,-0.103298673800991,-0.154511267983123,-0.252568887881971,-0.293138088150202,-0.354486267817776,-0.260793204394025,-0.33613194496386,-0.277298940123408,-1.80654253744932
"DT_16_15","TME2",-0.38708831435276,0.776036024214254,-0.418072005042388,1.69348541231455,1.97922484783743,-1.15638163255496,0.826286508189372,1.02372995398841,-0.544110241528061,2.67754512693957,0.091975865576676,0.551509488932364,-0.0671156055214024,-0.103298673800991,-0.154511267983123,-0.252568887881971,-0.293138088150202,-0.354486267817776,-0.260793204394025,-0.378793231545418,-0.42989524003445,-1.01494644480148
"DT_16_01","TME2",-0.38708831435276,0.30730824168515,0.576274186637215,-0.00073319873856263,4.10430911173944,-0.700444550963307,0.235916353184912,1.49204925454371,-0.281726456217262,0.393940508981823,0.146839936125703,2.99087426693425,-0.0671156055214024,-0.103298673800991,-0.154511267983123,-0.252568887881971,-0.293138088150202,-0.354486267817776,-0.260793204394025,-0.00504620452468822,-0.638037738658559,-1.61112708912731
"DT_07_11","TME1",0.101020563959619,0.344090218001379,-0.622480486867387,-0.659943257602987,3.48771952358268,-0.400473507667876,0.925061764526994,1.0388891034101,-0.50462775667606,-0.677856678628545,0.366479713762816,0.540732899159471,-0.0671156055214024,-0.103298673800991,-0.154511267983123,-0.252568887881971,-0.293138088150202,-0.354486267817776,-0.260793204394025,0.13969670465382,-0.638037738658559,0.467294970185861
"DT_07_05","TME2",0.786731758883928,1.58202266205686,-0.0510450227332385,-0.235780644785244,1.92997998992705,-0.399854642993938,0.680528634395036,1.34048074089848,-0.00985378858387634,-0.752974054913779,0.532108461621559,0.729854093195565,-0.0671156055214024,-0.103298673800991,-0.154511267983123,-0.252568887881971,-0.293138088150202,-0.354486267817776,-0.260793204394025,-0.351291389494565,-0.624897375565614,-0.604649723858192
"DT_07_03","TME1",1.42913416044617,-0.391030267887834,-0.187418799132468,0.535315421963634,1.99528797816995,-1.05334981860277,0.257249805457583,1.9409827885255,-0.757157102967699,0.242538877179431,-0.231423044302976,-0.532637705177803,-0.0671156055214024,-0.103298673800991,-0.154511267983123,-0.252568887881971,-0.293138088150202,-0.354486267817776,-0.260793204394025,-0.378793231545418,-0.399717541920125,0.951122585065974
"DT_07_02","TME1",0.91308143090101,0.00286242594100399,-0.421419863160361,0.74050665838185,2.55103999300861,-0.510428745511488,0.463923991365637,0.700509514816024,-0.800659527522156,-0.56461661080271,-0.0752344849412574,-0.092085811123114,-0.0671156055214024,-0.103298673800991,-0.154511267983123,-0.252568887881971,-0.293138088150202,-0.354486267817776,-0.260793204394025,-0.378793231545418,-0.638037738658559,0.707657735774338
"DT_16_21","TME2",-0.131195604172987,1.07391658454881,-0.77395014138028,0.289717876662265,1.1491337410641,-1.53256863095628,0.34943105561974,0.327460754240021,-0.134839550255473,1.25178293956892,2.25839111574372,0.20101305808997,-0.0671156055214024,-0.103298673800991,-0.154511267983123,-0.252568887881971,4.61395298462266,-0.354486267817776,-0.260793204394025,-0.378793231545418,-0.42194777210723,-0.864568897836924
"DT_16_06","TME2",1.09037295411656,1.43180116844174,-0.77395014138028,0.371650984200736,1.14849727495315,-1.53256863095628,-0.0638774558028375,0.0249955617903904,-0.773536158680365,1.94912933696787,2.30100752729141,0.168182772471882,-0.0671156055214024,-0.103298673800991,1.52285728649411,-0.252568887881971,2.94010611681551,-0.354486267817776,-0.260793204394025,-0.378793231545418,-0.560270161944002,-0.880918292141626
"DT_16_26","TME2",-0.38708831435276,-0.245588550344354,-0.77395014138028,-0.659943257602987,-0.476639944004674,-1.53256863095628,-0.314571547954542,0.836037826052242,-0.799730946952698,2.1161017338514,2.48034964505639,1.71144940198725,-0.0671156055214024,-0.103298673800991,-0.154511267983123,-0.252568887881971,3.35220295203295,-0.354486267817776,-0.260793204394025,0.20868488402678,-0.348127961734535,-0.3292188920777
"DT_16_02","TME2",-0.38708831435276,1.17422850905635,-0.77395014138028,0.524406294929584,0.363616441251566,-1.53256863095628,-0.563575852752135,-0.099595993078367,2.75646790830575,0.118341940151226,1.8786834303088,0.875005998626453,-0.0671156055214024,-0.103298673800991,-0.154511267983123,-0.252568887881971,1.74644713153092,-0.354486267817776,-0.260793204394025,-0.378793231545418,-0.0727209588554568,-1.1134698527836
"DT_16_25","TME2",-0.38708831435276,0.0659014340353703,-0.659573256616834,-0.659943257602987,1.18909334492853,-1.53256863095628,-0.887904390074568,-0.415527387079344,0.636194908043211,1.51488505157502,2.89343755386225,0.35476772783203,-0.0671156055214024,-0.103298673800991,-0.154511267983123,-0.252568887881971,0.248800643225336,-0.354486267817776,-0.260793204394025,-0.378793231545418,0.176718094874944,-0.721164334539438
"DT_16_20","TME2",-0.38708831435276,-0.416770838107459,-0.52158248388334,-0.659943257602987,-0.702168603766495,-1.53256863095628,-0.887904390074568,0.0242121265486838,0.448806994922404,2.39752340420965,3.64758846866968,-0.139752250016223,-0.0671156055214024,-0.103298673800991,-0.154511267983123,-0.252568887881971,-0.293138088150202,-0.354486267817776,-0.260793204394025,-0.188725315027615,-0.567848099495405,-0.489385822439292
"DT_16_12","TME2",-0.38708831435276,0.119705331963113,-0.77395014138028,-0.659943257602987,-0.556421532493028,-1.53256863095628,-0.726520744348364,-0.549571803686144,0.149306449114821,1.9635028437585,3.83093264140638,1.02176942365071,-0.0671156055214024,-0.103298673800991,-0.154511267983123,-0.252568887881971,1.53495808813658,-0.354486267817776,-0.260793204394025,0.0266033779088848,0.0206889367648285,-1.34054901828142
"DT_16_27","TME2",0.960920656723022,0.695450724092965,-0.684431362619973,0.197796522216466,-0.721840030559286,-1.53256863095628,-0.438786397235206,0.360931102377736,-1.0656158605618,2.940462617986,3.04932891945036,0.509200781654227,-0.0671156055214024,-0.103298673800991,-0.154511267983123,-0.252568887881971,-0.293138088150202,-0.354486267817776,0.451293045126158,-0.378793231545418,-0.558279697113296,-1.02919489356344
"DT_16_19","TME2",-0.38708831435276,0.764537349976887,-0.602353961928591,-0.307099336873515,-0.721840030559286,-1.18599301901894,-0.887904390074568,1.00171734454614,0.127892618037749,2.61458503518565,2.12987339652997,1.52620310414988,-0.0671156055214024,-0.103298673800991,-0.154511267983123,-0.252568887881971,-0.259209922813078,-0.354486267817776,-0.260793204394025,-0.234629853488768,-0.18273957352431,-1.17139069355637
"DT_16_13","TME2",-0.38708831435276,0.85110205982573,-0.633021582876754,-0.659943257602987,-0.213998247781029,-1.53256863095628,-0.585489506038242,0.588939809163982,1.20360458494167,2.42826349475637,2.33292401401427,0.611420058410203,-0.0671156055214024,-0.103298673800991,-0.154511267983123,-0.252568887881971,-0.293138088150202,-0.354486267817776,-0.260793204394025,-0.378793231545418,0.0241398973678856,-0.931092324264166
"DT_09_11","TME2",-0.38708831435276,0.11847819295165,-0.646330959334832,-0.659943257602987,-0.721840030559286,-1.53256863095628,-0.887904390074568,0.716022084917817,0.390770509829028,2.69687303044072,1.65796897471178,0.137019073353828,-0.0671156055214024,-0.103298673800991,-0.154511267983123,-0.252568887881971,-0.293138088150202,0.428158556115766,-0.260793204394025,-0.374969784878272,1.059504068549,-0.645034792952231
"DT_09_32","TME2",-0.38708831435276,-0.150290416246444,-0.094587722211665,-0.659943257602987,-0.721840030559286,-1.10496041445483,-0.232960361269737,1.18971161360971,1.28997242184004,2.3133270452226,0.962382166573034,1.40511832401363,-0.0671156055214024,-0.103298673800991,-0.154511267983123,-0.252568887881971,-0.293138088150202,-0.354486267817776,-0.260793204394025,-0.32272607959483,-0.044864954265613,-0.704337405497174
"DT_09_17","TME2",-0.38708831435276,-0.315548622554666,-0.60972934073914,-0.659943257602987,-0.420337278383891,-1.39752696087143,-0.887904390074568,0.802159256877549,0.793003186072815,2.45031430850459,0.969594905749936,1.51457113009453,-0.0671156055214024,-0.103298673800991,-0.154511267983123,-0.252568887881971,-0.293138088150202,-0.354486267817776,-0.260793204394025,-0.378793231545418,1.09238402801231,-0.614471743246722
"DT_16_08","TME2",-0.38708831435276,0.860441485691766,-0.278860451758976,1.29244332023218,-0.351737571296787,-1.53256863095628,-0.336287594931281,0.173803438179917,0.179836821831132,2.59419757805013,0.847481235949219,1.12849678407485,-0.0671156055214024,-0.103298673800991,-0.154511267983123,-0.252568887881971,-0.293138088150202,-0.354486267817776,-0.260793204394025,-0.378793231545418,-0.429457573149246,-0.407916615221772
"DT_16_05","TME2",-0.38708831435276,0.352534573005724,-0.77395014138028,1.03223522524814,-0.238617568162279,-1.28771181149265,-0.616300085712687,0.019573640169285,0.133801076126558,2.02398514862772,1.79717471743906,0.436823806051606,-0.0671156055214024,-0.103298673800991,-0.154511267983123,-0.252568887881971,0.1224025845454,-0.354486267817776,-0.260793204394025,-0.378793231545418,-0.228736787317141,-0.626123021540864
"DT_16_23","TME2",-0.38708831435276,0.167683887836408,-0.689777765507855,0.734933526295709,-0.721840030559286,-1.53256863095628,-0.38305321228254,-0.084216954583232,0.903436958597374,2.0304920867239,1.35384595784608,1.454714744738,-0.0671156055214024,-0.103298673800991,-0.154511267983123,-0.252568887881971,1.55608557620328,-0.354486267817776,1.0094951877858,-0.106396479107715,0.977137588290383,-1.6500460574687
"DT_16_24","TME2",-0.38708831435276,-0.219115593828938,-0.724743290021019,-0.659943257602987,-0.664788678527191,-1.50223856185291,-0.887904390074568,0.446840129894668,1.92491359036229,1.2614588611602,2.35676006881853,-0.693004205469586,-0.0671156055214024,-0.103298673800991,-0.154511267983123,-0.252568887881971,-0.293138088150202,-0.354486267817776,2.52134858192056,-0.378793231545418,0.268532390352611,-0.344853336182934
"DT_09_10","TME2",-0.38708831435276,-0.340738203292338,-0.491045764262261,-0.659943257602987,-0.721840030559286,-1.22897810423249,-0.148129496093478,1.00788277952593,0.845284648760811,1.45587285928504,1.65913169086962,0.389114618020352,-0.0671156055214024,-0.103298673800991,-0.154511267983123,-0.252568887881971,-0.293138088150202,-0.354486267817776,1.70468053439691,-0.378793231545418,0.085009815246256,-0.294514352036521
"DT_16_22","TME2",0.876548731370426,0.802526700386027,-0.629457248016694,-0.481817682230679,-0.721840030559286,-1.31427593817568,-0.407739912259771,0.980069053791232,1.2379467366612,1.71845709752197,1.64550827206124,-0.478506775774826,-0.0671156055214024,-0.103298673800991,-0.154511267983123,-0.252568887881971,-0.293138088150202,-0.354486267817776,6.47299959171176,-0.378793231545418,-0.500140326812156,-0.643831895568938
"DT_07_12","TME3",-0.38708831435276,2.57989342194821,-0.190079344213756,0.514852266729501,-0.173195725993178,0.507112434053042,-0.388636775676453,-0.0327716618591378,-1.02628829805152,-0.806441545563228,0.986245136398838,-0.493834518297129,-0.0671156055214024,-0.103298673800991,1.38322729952314,-0.252568887881971,-0.293138088150202,-0.354486267817776,-0.260793204394025,-0.378793231545418,-0.353725171507392,-0.776413639317314
"DT_06_14","TME3",-0.38708831435276,2.66199169245134,0.867667281741016,1.33121144211671,-0.539424914972182,0.66438709659938,-0.887904390074568,0.469952393666487,0.0468817350720063,-0.736664919648549,0.738905011948068,-1.13876590232682,-0.0671156055214024,-0.103298673800991,-0.154511267983123,-0.252568887881971,-0.293138088150202,-0.354486267817776,-0.260793204394025,-0.378793231545418,-0.638037738658559,-1.89633009197865
"DT_06_03","TME3",-0.38708831435276,3.04218069369638,-0.022611724132118,3.77309547085144,-0.0269992387183756,0.205583406956774,-0.556254690208789,-1.83652214471389,-0.819372472130316,-0.808542782065828,-0.341605825246111,0.532873424196651,-0.0671156055214024,-0.103298673800991,1.44089571766185,-0.252568887881971,-0.293138088150202,-0.354486267817776,-0.260793204394025,0.558702253951986,-0.443249095666063,-1.44373102797764
"DT_18_06","TME3",-0.38708831435276,0.777218188149859,1.92732371266244,0.608549519947985,2.53663218931285,-0.202736898992461,-0.875487425720935,-0.773894241722464,-0.705767919623465,-1.01265459188715,1.15559406689019,-0.285567236357949,-0.0671156055214024,-0.103298673800991,-0.154511267983123,-0.252568887881971,-0.293138088150202,-0.354486267817776,-0.260793204394025,-0.378793231545418,-0.606030824860599,-1.27421399295323
"DT_18_01","TME3",-0.38708831435276,0.50996112598816,1.23555570147403,0.167761847975326,2.76132913306412,0.447991213865632,-0.887904390074568,-0.440097087001513,-0.500503814489278,-1.01265459188715,-0.299085909782693,0.186567662990574,-0.0671156055214024,-0.103298673800991,-0.154511267983123,-0.252568887881971,-0.293138088150202,-0.354486267817776,-0.260793204394025,-0.378793231545418,-0.638037738658559,-0.330297251389931
"DT_06_15","TME3",-0.0916896823239489,2.75912503883208,1.07301528629202,0.721142023240632,2.91559636057209,1.04157675192119,-0.788089534269339,0.842875688022914,-0.247403414785331,-1.01265459188715,-0.273896378682535,-0.908084714220546,-0.0671156055214024,-0.103298673800991,-0.154511267983123,-0.252568887881971,-0.293138088150202,-0.354486267817776,-0.260793204394025,-0.378793231545418,-0.638037738658559,-2.13273473615816
"DT_04_05","TME3",-0.38708831435276,1.80386450459373,0.431196693778642,0.957122781511949,2.31804198765242,0.842052323006732,-0.745159618311634,0.48978993538611,0.222926713339174,-1.01265459188715,-0.0095047078453336,-0.297229489828056,-0.0671156055214024,-0.103298673800991,-0.154511267983123,-0.252568887881971,-0.293138088150202,-0.354486267817776,-0.260793204394025,-0.378793231545418,-0.638037738658559,-1.73703341701826
"DT_16_14","TME2",1.67073607228184,2.06476517709646,-0.191197866728273,1.48909555159606,2.19122679437106,-0.607699124363334,-0.766770484969981,-1.85667046966697,-0.304531486818131,3.69828595186567,-0.0988774280442755,0.651994299266329,-0.0671156055214024,-0.103298673800991,-0.154511267983123,-0.252568887881971,-0.293138088150202,-0.354486267817776,-0.260793204394025,-0.378793231545418,-0.448443459012403,-1.55812549389854
"DT_06_30","TME3",5.47289417100208,3.12225600948283,3.30255345859219,1.60427901077466,-0.503300017214998,0.206612626184393,-0.7393311550824,-1.83217005458262,-1.13507270973969,0.0140924317876835,-1.41836901375607,-1.54611313587319,-0.0671156055214024,-0.103298673800991,-0.154511267983123,-0.252568887881971,-0.293138088150202,-0.354486267817776,-0.260793204394025,-0.378793231545418,-0.629203874181779,-1.3302421323448
"DT_06_22","TME3",2.844600205764,2.44677190159077,3.9653726191269,0.431823835090752,-0.0896809290444748,-1.06115970633211,-0.601554331420321,-1.79817684844288,-0.983124922609541,0.534044963410417,-1.41836901375607,-1.36733667633169,-0.0671156055214024,-0.103298673800991,-0.127649796856962,-0.252568887881971,-0.293138088150202,-0.354486267817776,-0.260793204394025,-0.378793231545418,-0.580254262672618,0.82254854072509
"DT_06_24","TME3",4.21415860824454,2.81846091787395,2.46170260763002,0.90335615910395,-0.40375801610809,-0.578045265613025,-0.887904390074568,-1.91127495109528,-0.980981299074995,-1.01265459188715,-1.22619527316981,-0.873452143144375,14.8325488202299,-0.103298673800991,-0.154511267983123,-0.138451771286901,-0.293138088150202,-0.354486267817776,-0.260793204394025,-0.378793231545418,0.337049627292701,-0.00420900809029409
"DT_07_09","TME3",0.771343687533017,1.98346331991432,0.52237605811089,0.949593492294358,0.370572650938839,1.02230722345123,0.0470666360690794,-1.11360532264523,0.00796778759010757,-1.01265459188715,-1.16553562708627,-1.0564807415647,-0.0671156055214024,-0.103298673800991,-0.154511267983123,-0.252568887881971,-0.293138088150202,-0.354486267817776,-0.260793204394025,0.246804091808606,-0.638037738658559,-0.0969089943553753
"DT_06_21","TME3",-0.0417931262037017,1.94860998421974,0.518314666071175,0.361974433691223,-0.501825676035786,1.38329044428048,-0.887904390074568,0.0150028614251331,0.425631260065103,0.71176952230553,-1.41836901375607,-0.546595480927999,-0.0671156055214024,-0.103298673800991,-0.0599971586326536,-0.252568887881971,-0.293138088150202,-0.354486267817776,-0.260793204394025,0.0983393223087347,-0.608465663959083,-0.73216525088176
"DT_09_24","TME1",0.599750104780283,0.47978977060972,0.753714749818839,-0.659943257602987,0.169024857989328,1.80797111978108,-0.507786421360222,-1.2329800133469,-0.842381365874815,-1.01265459188715,-0.597837536514924,-1.13060390568335,-0.0671156055214024,-0.103298673800991,-0.154511267983123,0.0258227879015247,-0.293138088150202,-0.354486267817776,-0.260793204394025,-0.378793231545418,-0.638037738658559,0.286262787483043
"DT_09_13","TME1",-0.38708831435276,0.258631799241042,0.279598287647606,-0.659943257602987,-0.615758041622466,2.18574917461302,-0.183004957017055,-0.435590491018844,-0.819892331842139,-1.01265459188715,-0.748755440484361,-1.48513634186436,-0.0671156055214024,-0.103298673800991,-0.154511267983123,-0.147379571955883,-0.293138088150202,-0.354486267817776,-0.260793204394025,-0.215392805228863,-0.638037738658559,0.484177108909071
"DT_10_10","TME3",-0.38708831435276,0.417909355245463,1.36932936037842,-0.0934570361356872,-0.604051777708133,1.63740871240698,-0.856752770918859,-0.208978142105592,-0.219473718328071,-0.75480131158499,-0.601531241368275,-1.2240644253767,-0.0671156055214024,-0.103298673800991,0.477419447536543,-0.252568887881971,-0.293138088150202,-0.354486267817776,-0.260793204394025,-0.378793231545418,-0.400180750994968,-0.632783663082658
"DT_07_04","TME3",1.58926016391939,0.669736926975443,0.969204338506642,0.412267780430766,0.138871993901418,0.724941849275898,-0.429920343313101,1.41243146938527,-0.845172790089298,1.2351532707052,-1.01924911719736,-0.406534958885637,-0.0671156055214024,-0.103298673800991,-0.154511267983123,-0.176409376060292,-0.293138088150202,-0.354486267817776,-0.260793204394025,1.66433365148535,-0.638037738658559,-1.23748951172707
"DT_06_23","TME3",0.840545198216497,1.60596474554595,0.946123778349333,0.930991748647931,-0.62812138805899,1.4793108247796,-0.805353506573263,-0.770306888909089,-1.11885290310362,0.309875697531478,-1.41836901375607,0.0373872448111169,-0.0671156055214024,-0.103298673800991,-0.154511267983123,-0.252568887881971,-0.293138088150202,-0.354486267817776,-0.260793204394025,1.65346840662312,-0.00492216833632632,-1.48993464263029
"DT_07_13","TME3",2.19898202917427,0.922777662968726,1.73788325703845,0.42763740404261,0.0445701867208389,0.298165708068238,-0.63669490401561,-0.686752756057692,-1.13507270973969,-0.611303667526173,-0.227763126305513,-0.871384869423235,-0.0671156055214024,-0.103298673800991,-0.154511267983123,0.787607588088831,-0.293138088150202,-0.354486267817776,-0.260793204394025,-0.378793231545418,-0.495731942276563,-0.312913578549355
"DT_07_06","TME1",2.75014787805091,0.331782703719771,0.337010132157277,-0.659943257602987,-0.157032643247343,-0.155930531939691,-0.585803101868011,0.233812083079329,-1.13507270973969,0.353507496080302,0.0224986418050102,-0.257688930268008,-0.0671156055214024,-0.103298673800991,-0.154511267983123,-0.252568887881971,-0.293138088150202,-0.354486267817776,-0.260793204394025,-0.378793231545418,-0.638037738658559,1.06642443584873
"DT_18_20","TME1",1.65466846319177,0.450914865076953,0.88962223830285,-0.39247569838579,-0.587329576837683,0.154633169328839,-0.717151832555444,1.10369918654588,-1.13507270973969,-1.01265459188715,-0.683869659847674,0.0599269449159875,-0.0671156055214024,-0.103298673800991,-0.154511267983123,2.38708857481681,-0.293138088150202,-0.354486267817776,-0.151838860984288,-0.378793231545418,-0.638037738658559,1.05421771130559
"DT_14_23","TME1",-0.38708831435276,-0.734257092803477,-0.32877568527516,3.3357006304166,0.435156292496641,-1.16127297083054,-0.887904390074568,-1.10284789847992,-0.077695082275283,-0.318606138158695,-0.719051992095052,-0.701664571316509,-0.0671156055214024,-0.103298673800991,-0.154511267983123,-0.252568887881971,-0.293138088150202,0.419477873238555,-0.260793204394025,0.500043676328274,0.677718219272272,0.641421449703133
"DT_06_02","TME3",2.49586587899223,1.23861157301303,-0.265785437713802,2.91072417114954,0.868744951912133,0.694876817439645,-0.887904390074568,-1.77121309286187,-0.554772974055691,-0.899962643032045,-1.17593375241981,-0.906542770647074,-0.0671156055214024,-0.103298673800991,-0.154511267983123,-0.252568887881971,-0.293138088150202,-0.354486267817776,-0.260793204394025,1.75684682326938,-0.532938707832691,-0.451707570231328
"DT_07_15","TME3",3.36750100108967,1.63988982513884,0.673730145003564,0.48834926050045,-0.579204234000919,1.32387708509795,0.354861347745465,0.493310520484386,-0.41624863206226,-0.373928857065376,-1.41836901375607,-0.920448071308105,-0.0671156055214024,-0.103298673800991,-0.154511267983123,-0.252568887881971,-0.293138088150202,-0.354486267817776,-0.260793204394025,0.47411740861177,-0.638037738658559,-0.985895429293297
"DT_07_14","TME3",2.59820366114438,2.31207337679006,0.00131129111576895,0.269970724485851,1.02326400460295,0.915226344060016,0.372623478148294,0.282158261886385,-0.779944757087714,0.249908067161029,-1.30304994390053,-1.50566216705315,-0.0671156055214024,-0.103298673800991,-0.154511267983123,-0.252568887881971,-0.293138088150202,-0.354486267817776,-0.260793204394025,0.061913017182019,-0.638037738658559,-0.147301173825188
"DT_06_20","TME3",4.09594567122165,5.54385915196534,0.0996127310399913,2.06719976097064,-0.310612226770763,0.616566710683047,-0.444817958364191,2.32888075359162,-0.985514876162916,-0.677989411937859,-1.24189941162603,-0.471439308815824,-0.0671156055214024,-0.103298673800991,-0.154511267983123,-0.252568887881971,-0.293138088150202,-0.354486267817776,-0.260793204394025,-0.378793231545418,-0.601122139670299,-2.13273473615816
"DT_07_07","TME3",3.26104390940125,1.33664026968552,0.308729943911131,0.107769995121244,3.20855042661518,0.699148578149244,0.124182867462069,2.23247117909216,-1.0386968495693,-0.582231678878298,-0.619931937570869,-0.803380858077984,-0.0671156055214024,-0.103298673800991,-0.154511267983123,0.917356968751446,-0.293138088150202,-0.354486267817776,-0.260793204394025,-0.378793231545418,-0.638037738658559,-1.49483501814389
"DT_17_02","TME3",3.29910737132639,0.848631823408115,-0.0962790091408777,-0.48671186229334,-0.721840030559286,-0.585593817062417,-0.887904390074568,0.568549821598192,-1.13507270973969,1.20116294201165,0.849971219380631,-1.54611313587319,-0.0671156055214024,-0.103298673800991,5.9422414586786,-0.252568887881971,-0.293138088150202,-0.354486267817776,-0.260793204394025,-0.378793231545418,-0.632542905109847,0.854344226060928
"DT_06_27","TME3",-0.38708831435276,2.85781005731647,2.75973297439767,1.08224491882033,-0.216237860892322,0.731806416478687,-0.852816971354855,0.335481146656428,-0.215272653731832,-1.01265459188715,-1.3118206482244,0.435198674789063,-0.0671156055214024,-0.103298673800991,-0.154511267983123,-0.252568887881971,-0.293138088150202,-0.354486267817776,-0.260793204394025,-0.378793231545418,-0.46312601304696,-1.75650957362873
"DT_06_05","TME3",0.87133380831706,1.1937784910416,2.73442934411119,1.91933378896168,-0.721840030559286,0.470929846498912,-0.821476451070993,0.210913422048207,-0.564379880905614,-0.988352153929458,-1.22702778296166,-0.494273690579132,-0.0671156055214024,-0.103298673800991,-0.154511267983123,-0.252568887881971,-0.293138088150202,-0.354486267817776,-0.260793204394025,-0.378793231545418,-0.553809162348636,-1.18976141828424
"DT_06_17","TME3",-0.38708831435276,1.10168517638815,2.75140773183192,1.16551756218035,-0.376133071626925,-0.262104388942636,-0.887904390074568,-1.91127495109528,-0.183203820450325,-0.52105720534542,-0.25250094904339,0.115080577369998,-0.0671156055214024,-0.103298673800991,-0.154511267983123,-0.252568887881971,-0.293138088150202,-0.354486267817776,-0.260793204394025,-0.378793231545418,-0.59942878269226,-0.312973169279807
"DT_06_11","TME3",-0.38708831435276,-0.541776736555369,3.79796275445545,4.5578928353787,-0.243591241601489,-0.839152013237841,-0.887904390074568,-0.00739789706607443,-0.881611903858103,-0.700164417108219,-1.31586288989223,-0.232955882330386,-0.0671156055214024,-0.103298673800991,-0.154511267983123,-0.252568887881971,-0.293138088150202,-0.354486267817776,-0.260793204394025,-0.378793231545418,-0.638037738658559,-1.25626952731714
"DT_06_09","TME3",-0.173009035480642,1.19816762094048,-0.371025959506464,3.71996982927017,-0.550406517618323,0.69719186097956,-0.887904390074568,0.00382496191008411,1.0770338648819,0.213589616241638,-1.22683878046791,0.0221929291957286,-0.0671156055214024,2.81018343807695,-0.154511267983123,-0.252568887881971,-0.293138088150202,-0.354486267817776,-0.260793204394025,-0.378793231545418,-0.638037738658559,-1.65645421455681
"DT_06_19","TME3",0.395913071097084,2.23714356391098,0.946801701419177,2.81861489868372,-0.298880163342542,-0.0435073138115041,-0.887904390074568,0.13655948687409,2.80334322196735,-0.975400747433406,-1.28310489242979,0.0898348492796606,-0.0671156055214024,-0.103298673800991,4.44937894540832,-0.252568887881971,-0.293138088150202,-0.354486267817776,-0.260793204394025,-0.378793231545418,-0.557343407814866,-1.82098316653404
"DT_06_01","TME3",0.166749182955122,1.08794679295101,2.21662603622249,2.58760165764214,-0.465351142295844,0.441806506642774,-0.846022308094081,-0.864646741779947,1.0694880833831,-0.69527482040766,-1.41836901375607,0.465188359669091,-0.0671156055214024,-0.103298673800991,1.17640937085227,-0.252568887881971,-0.293138088150202,-0.354486267817776,-0.260793204394025,-0.378793231545418,-0.592016779601273,-1.77439724097955
"DT_06_28","TME3",1.32954127258304,1.89373575971748,3.04349791481875,1.14095717434317,-0.489019184189599,-0.146086897023441,-0.887904390074568,-0.445823242081802,4.50308243186973,-0.76966654396582,-1.41836901375607,-0.435909665782236,-0.0671156055214024,-0.103298673800991,1.43764594105617,-0.252568887881971,-0.293138088150202,-0.354486267817776,-0.260793204394025,-0.378793231545418,-0.638037738658559,-2.13273473615816
"DT_06_26","TME3",-0.379877591107407,1.16377618758625,2.70032545765221,1.25713711858923,-0.424085659449814,-0.0884206533130464,-0.887904390074568,0.111036167629005,4.77422294066094,-1.01265459188715,-1.27204304033941,-1.1054713705283,-0.0671156055214024,-0.103298673800991,-0.154511267983123,-0.252568887881971,-0.293138088150202,-0.354486267817776,-0.260793204394025,1.02506030527548,-0.638037738658559,-1.76411214934874
"DT_06_29","TME3",5.60724862223598,1.48268766686893,2.37339709164142,1.8065877253871,-0.634435534190345,-0.624294014468999,-0.887904390074568,-1.85383921018975,3.26469025465624,0.487976035972949,-1.41836901375607,-1.54611313587319,-0.0671156055214024,-0.103298673800991,1.16957713245996,-0.252568887881971,-0.293138088150202,-0.354486267817776,-0.260793204394025,-0.378793231545418,-0.610457069287999,-1.37945073093086